id,customer_id,address_1,address_2,city,country,pincode
1,585,8592 Bartillon Court,,Gubengairlangga,Indonesia,
2,66,25 Mandrake Trail,,Hefei,China,
3,918,97718 Service Point,,Naples,United States,34102
4,23,3673 Eastlawn Avenue,,Santa Rosa,United States,95405
5,130,996 Memorial Road,,Jilong,China,
6,250,2946 Fulton Drive,,Dado,Philippines,5037
7,105,3 Swallow Plaza,9th Floor,Xiyuan,China,
8,851,3725 Maryland Point,,Ōmiya,Japan,319-3117
9,956,6796 Montana Circle,,Staryy Cherek,Russia,361327
10,447,00 Roth Center,PO Box 62621,Bhopālwāla,Pakistan,51130
11,623,4063 Oriole Street,,Ma’an,China,
12,175,7408 Surrey Terrace,,Florencia,Cuba,
13,286,26609 Washington Road,,Tangzha,China,
14,385,09548 Bartillon Junction,,Luodong,China,
15,998,07044 Di Loreto Hill,,Brochów,Poland,05-088
16,425,3827 Independence Park,,Krajan Pocangan,Indonesia,
17,788,7 Crowley Crossing,,Rolândia,Brazil,86600-000
18,939,54379 Fair Oaks Place,,Mirriah,Niger,
19,355,8527 Lighthouse Bay Crossing,,Āsbe Teferī,Ethiopia,
20,438,64951 Glendale Center,,Malhou,Portugal,2380-506
21,613,3311 Barby Terrace,,Ifanadiana,Madagascar,
22,550,7 Judy Drive,,Itabirito,Brazil,35450-000
23,791,3679 South Alley,Room 704,Talisayan,Philippines,9012
24,185,4 Barby Lane,,Beigao,China,
25,322,0991 New Castle Park,,Jembayan Hitam,Indonesia,
26,680,311 Merrick Alley,,Jiyizhuang,China,
27,26,67 Kingsford Circle,,Hāla,Pakistan,70130
28,637,58 Clemons Way,,Babirik,Indonesia,
29,79,76142 High Crossing Way,,Abut,Philippines,2720
30,846,5076 Ronald Regan Crossing,,Tuba,China,
31,33,82763 Mifflin Place,,Paagahan,Philippines,4021
32,200,70 Jackson Street,,Blangpulo,Indonesia,
33,316,6 Bayside Court,,Munduk,Indonesia,
34,909,5 Merry Pass,20th Floor,Mimbaan Timur,Indonesia,
35,798,44 Carioca Terrace,,Canchayllo,Peru,
36,402,089 Pepper Wood Alley,Room 1204,Kowale,Poland,83-010
37,581,3206 Menomonie Trail,,Dera Bugti,Pakistan,80100
38,439,1697 8th Junction,,Dalinhe,China,
39,158,3598 Susan Circle,,Lugui,Philippines,4612
40,757,8800 Clarendon Plaza,,Charlotte,United States,28263
41,897,803 Linden Avenue,,Fažana,Croatia,52212
42,975,67 Eastlawn Circle,,Kampokpok,Philippines,6536
43,449,81806 Hintze Point,,San Carlos,Colombia,232517
44,68,0 Mayfield Lane,,Talavera,Philippines,3114
45,463,441 Troy Terrace,,Zasip,Slovenia,4274
46,307,454 Surrey Drive,,Gaotian,China,
47,248,1271 Quincy Alley,,Luleå,Sweden,973 46
48,878,39 Fuller Park,,Apucarana,Brazil,86800-000
49,348,5 Hazelcrest Pass,,Wuda,China,
50,128,6 Northfield Plaza,,Qilin,China,
51,919,94 8th Crossing,,Pā’īn-e Bāzār-e Rūdbār,Iran,
52,511,50 Daystar Road,,Fulu,China,
53,801,0016 Blackbird Circle,PO Box 12677,Veghel,Netherlands,5464
54,222,00 Sunnyside Lane,,Las Vegas,United States,89166
55,214,8500 Lotheville Alley,,Sokobanteng,Indonesia,
56,377,2 Anniversary Terrace,,Chimbote,Peru,
57,655,831 Miller Lane,,Lyski,Poland,44-295
58,471,2862 5th Alley,Apt 1473,Hisings Kärra,Sweden,425 65
59,153,01 Forster Parkway,,Cajacay,Peru,
60,790,623 Continental Center,,Jessore,Bangladesh,9413
61,744,5086 Westend Pass,,Ilha Solteira,Brazil,15385-000
62,372,3885 Bultman Park,,Baishui,China,
63,447,63 Logan Lane,,Letlhakane,Botswana,
64,305,439 Dryden Way,,Kolyvan’,Russia,633160
65,521,5 Mayfield Terrace,,Cupira,Brazil,55460-000
66,873,9 Express Parkway,,Fenghuang,China,
67,333,95917 Dayton Road,,Beauharnois,Canada,J6N
68,554,8455 Redwing Plaza,,Loo,Estonia,
69,926,1823 Heath Trail,Apt 915,Candoni,Philippines,6110
70,781,6689 Mcbride Terrace,,Las Vegas,United States,89105
71,426,939 Erie Way,,Chatian,China,
72,218,41405 Garrison Hill,,Néa Filadélfeia,Greece,
73,310,3 Anderson Trail,,Olyka,Ukraine,
74,106,141 Summit Point,,La Virgen,Mexico,50695
75,197,4 Browning Circle,,Kant,Kyrgyzstan,
76,61,8 Ohio Pass,,Beauceville,Canada,G5X
77,159,07 Bashford Lane,,Kronshtadt,Russia,197763
78,562,38 Vahlen Parkway,,Fantino,Dominican Republic,11511
79,391,84 Grover Hill,,Shaoguan,China,
80,983,338 Cody Lane,,Qiaotou,China,
81,316,84 Birchwood Lane,,Hirado,Japan,276-0017
82,917,6 Arizona Court,,San Nicolas,Philippines,4207
83,925,255 Birchwood Junction,,Banjarsari,Indonesia,
84,952,014 Portage Alley,,Jinotepe,Nicaragua,
85,747,1828 Fairview Court,,Bāqim as Sūq,Yemen,
86,60,2489 1st Plaza,,Orlovat,Serbia,
87,472,20 Shelley Center,,Medenine,Tunisia,
88,67,16371 Declaration Way,,Menghai,China,
89,270,7865 Pleasure Place,,Temara,Morocco,
90,725,59989 Prairie Rose Hill,,Piraju,Brazil,18800-000
91,470,30 Buena Vista Trail,,Richmond,United States,23289
92,323,9 Cordelia Avenue,,Banjar Bongangede,Indonesia,
93,147,00 1st Crossing,,Chesapeake,United States,23324
94,461,5 Lighthouse Bay Street,,Dongle,China,
95,314,78 Cardinal Road,,Legen,Slovenia,2383
96,208,7 Chive Street,,Gigant,Russia,144005
97,872,1 Pierstorff Point,,Rasskazovo,Russia,680001
98,347,53 Starling Crossing,,Libice nad Cidlinou,Czech Republic,289 07
99,56,6418 Green Ridge Park,,Kekeri,Indonesia,
100,264,9 Hooker Plaza,,Kinsealy-Drinan,Ireland,D17
101,385,3 Talisman Place,,Krasnaya Gorka,Russia,648581
102,955,96 8th Center,,Klimavichy,Belarus,
103,799,457 Tennyson Way,,Seaforth,Jamaica,
104,512,3723 Jenifer Plaza,,Cauday,Peru,
105,824,6 Chinook Plaza,,Qiaotou,China,
106,648,8198 Union Crossing,,Nadrupe,Portugal,2530-187
107,593,3 Farmco Crossing,,Zhong’an,China,
108,65,3792 Colorado Court,,Laxou,France,54529 CEDEX
109,452,2 East Terrace,,Slavs’ke,Ukraine,
110,161,331 School Pass,,Solna,Sweden,169 35
111,154,78 Randy Terrace,,Rosso,Mauritania,
112,968,29 Mendota Drive,,Baishi,China,
113,201,6419 Mitchell Alley,,Yangxiang,China,
114,188,1190 Summerview Street,,Baumata,Indonesia,
115,973,244 Bluejay Place,,Chư Prông,Vietnam,
116,423,49081 Roth Street,,Kuanghe,China,
117,892,21 Bay Alley,,Lokatadho,Indonesia,
118,614,9207 Sloan Hill,,Purbalingga,Indonesia,
119,897,9 Waubesa Parkway,,Tabatinga,Brazil,14910-000
120,819,62 Marquette Drive,,San Fabian,Philippines,2433
121,705,52688 Delaware Point,,Rennebu,Norway,7398
122,918,11 Fulton Junction,,Camgyai,China,
123,45,57 Huxley Drive,,Jalaud,Philippines,1045
124,993,5817 Fuller Court,,Milán,Colombia,185038
125,940,54 7th Park,,Runan,China,
126,166,1381 Prentice Avenue,,Ростуша,Macedonia,1257
127,171,83 Reinke Plaza,,Verenchanka,Ukraine,
128,80,1395 Goodland Road,,Courtaboeuf,France,91959 CEDEX
129,332,8807 Oak Valley Circle,,Youghal,Ireland,P36
130,26,06 Acker Road,,Yurimaguas,Peru,
131,85,21377 Vermont Road,,Slobodskoy,Russia,613155
132,190,48 Blue Bill Park Trail,,Sovetskiy,Russia,188918
133,642,87434 Petterle Avenue,,Ignalina,Lithuania,30001
134,139,72 Talmadge Drive,,Alae,Philippines,2705
135,532,57 Lerdahl Way,12th Floor,Quatá,Brazil,19780-000
136,962,8 Rusk Avenue,,Tomar,Portugal,2300-320
137,447,424 Buena Vista Center,,Van Nuys,United States,91406
138,161,8 Browning Road,,Roseau,Dominica,
139,465,57263 Onsgard Junction,,Bacnar,Philippines,7010
140,729,2 Manufacturers Trail,,Ruyigi,Burundi,
141,390,804 Schiller Street,,San Agustín,Honduras,
142,524,994 Transport Junction,,Bandar ‘Abbās,Iran,
143,206,22894 Mcguire Point,,Scranton,United States,18505
144,134,37988 Melrose Crossing,,Nantang,China,
145,953,5 Ludington Hill,,Shunling,China,
146,969,8663 Hayes Way,,Sikeshu,China,
147,140,7 Roxbury Alley,,Fonadhoo,Maldives,
148,545,5 Johnson Park,,Araçuaí,Brazil,39600-000
149,735,8426 Mariners Cove Terrace,,Jiushe,China,
150,610,551 Del Mar Pass,,Nässjö,Sweden,571 82
151,921,69809 Thackeray Pass,,Bagumbayan,Philippines,9810
152,514,2 New Castle Circle,,Vila Chã,Portugal,3505-209
153,429,7896 Nobel Lane,Apt 1253,Bagroy,Philippines,5309
154,939,762 Schlimgen Parkway,,Santa Fe,Philippines,6513
155,833,0 Stoughton Center,,Columbeira,Portugal,2540-593
156,162,149 John Wall Park,,Siem Reap,Cambodia,
157,355,7611 Cherokee Point,,Talpe,Sri Lanka,80615
158,508,0630 Dexter Junction,,Jianyi,China,
159,765,5 Vermont Way,,Black River,Jamaica,
160,550,1089 Waxwing Drive,19th Floor,Moutsamoudou,Comoros,
161,730,619 Parkside Place,,Belleville,Canada,K8P
162,454,0305 Becker Hill,,Sophia Antipolis,France,06905 CEDEX
163,301,24 Fallview Junction,,Tegalgede Kulon,Indonesia,
164,975,70690 Lakewood Parkway,,Kaduluhur,Indonesia,
165,798,4 Springs Hill,,Guohe,China,
166,211,17129 Park Meadow Point,,Hitachi-Naka,Japan,312-0063
167,544,84753 Melvin Alley,,Cayenne,French Guiana,97308 CEDEX
168,542,51 Fair Oaks Plaza,,Strömstad,Sweden,452 24
169,56,8719 Nevada Parkway,,Talipan,Philippines,8201
170,919,7 Meadow Valley Pass,Apt 1394,Huangjinbu,China,
171,991,3 Jana Circle,,Chengmen,China,
172,389,1768 Bashford Alley,,Rybnik,Poland,44-274
173,779,755 Fieldstone Circle,,Pingyin,China,
174,902,1 Waubesa Way,,Tsul-Ulaan,Mongolia,
175,996,017 Talmadge Crossing,,Lampa,Indonesia,
176,421,84 Elgar Avenue,,Okunoya,Japan,314-0116
177,148,5504 Myrtle Road,,Mantes-la-Jolie,France,78204 CEDEX
178,423,433 Anzinger Park,,Crasto,Portugal,4610-017
179,169,6342 Rowland Pass,,Kholmsk,Russia,188507
180,164,98 Carpenter Park,,Liqizhuang,China,
181,78,6069 Menomonie Circle,,Denov,Uzbekistan,
182,794,58922 Delaware Parkway,,Xubao,China,
183,709,8606 Macpherson Terrace,,Miaoshi,China,
184,7,1852 Hoepker Circle,Room 1902,Wenchi,Ghana,
185,913,945 Sullivan Drive,,Buenavista,Mexico,55635
186,734,55 Sundown Point,,Ermida,Portugal,3070-125
187,97,4 Jay Alley,,Gorzów Wielkopolski,Poland,66-418
188,869,7615 Thackeray Way,,Bayantal,Mongolia,
189,78,5 Cordelia Junction,,Seulimeum,Indonesia,
190,930,623 Katie Alley,,Buenavista,Mexico,29027
191,223,6 Miller Parkway,,Shiwan,China,
192,70,1334 Wayridge Way,,København,Denmark,1098
193,206,23 Heffernan Street,,Wieczfnia Kościelna,Poland,06-513
194,745,7934 Nevada Terrace,Suite 90,San Miguel,Mexico,51690
195,146,4 Delaware Junction,,Lijia,China,
196,445,986 Roxbury Pass,,Soacha,Colombia,250058
197,203,8 Quincy Court,,Tây Ninh,Vietnam,
198,327,54 Lakeland Pass,,Sukoreno,Indonesia,
199,760,6888 Oxford Court,,Az Zarqā,Egypt,
200,565,1 Oak Valley Place,,Badai,China,
201,432,155 Nova Circle,,Mabini,Philippines,6313
202,201,08530 Rigney Street,,Bolondrón,Cuba,
203,562,60 Forest Park,,Sergach,Russia,607529
204,155,3 Lindbergh Alley,,Qiawan,China,
205,790,747 Golden Leaf Park,,Rennes,France,35914 CEDEX 9
206,791,013 Algoma Court,1st Floor,Bukomansimbi,Uganda,
207,797,6545 Bonner Drive,,Stroitel’,Russia,392526
208,723,1 Eagan Drive,,Tyrawa Wołoska,Poland,38-535
209,675,64 Kensington Center,,Limoeiro,Brazil,55700-000
210,232,83448 Rieder Drive,,Jatirejo,Indonesia,
211,50,04 Eagle Crest Park,,Semongkat,Indonesia,
212,998,05 Village Parkway,,Zhonglong,China,
213,981,1 Crest Line Avenue,,Ad Dasmah,Kuwait,
214,107,7556 4th Hill,,Chunxi,China,
215,28,764 Farwell Trail,,Matungao,Philippines,9203
216,164,18861 Vera Trail,,Fare,French Polynesia,
217,459,529 Orin Street,PO Box 25847,Mhango,Tanzania,
218,724,2897 Kennedy Junction,,Krajan,Indonesia,
219,136,40235 Burning Wood Parkway,Suite 16,Liwu,China,
220,568,14 Mockingbird Parkway,,Lameiras,Portugal,2715-145
221,371,6259 Sullivan Trail,,Klang,Malaysia,41918
222,580,0164 Schiller Hill,,Örebro,Sweden,702 16
223,30,56948 Vahlen Avenue,Apt 1250,Chernogorsk,Russia,655138
224,57,39 Scofield Way,,Jining,China,
225,15,83001 Chinook Way,,Orléans,France,45004 CEDEX 1
226,221,7835 Hoffman Terrace,,Sabi,Gambia,
227,659,26204 Duke Alley,,Masaguisi,Philippines,6806
228,556,2965 Vera Terrace,,Sumurnanjung,Indonesia,
229,595,0233 Division Alley,,Los Angeles,United States,90071
230,911,68821 Dottie Parkway,Suite 97,Georgetown,Gambia,
231,13,16 Shasta Lane,,Tambalisa,Philippines,8513
232,996,9 Debs Drive,,Kalmar,Sweden,393 59
233,209,43 Donald Alley,,Hal’shany,Belarus,
234,18,5367 Northland Center,,Mandaon,Philippines,5411
235,388,99908 Grover Pass,,Santiago,Mexico,54784
236,895,66 Summit Drive,,Torbeyevo,Russia,431045
237,402,256 Pearson Center,,Deqing,China,
238,944,118 Dennis Court,,Sahavato,Madagascar,
239,227,67302 Esker Plaza,,Tacoma,United States,98405
240,143,512 Hovde Center,,Fort Myers,United States,33994
241,927,31675 Anthes Alley,Suite 91,Lakota,Ivory Coast,
242,563,6011 Novick Way,,Cibuah,Indonesia,
243,384,51568 Waywood Circle,,Gon’ba,Russia,656903
244,114,22905 Mariners Cove Street,,‘Ibrī,Oman,
245,121,83 Sunfield Terrace,,Karsin,Poland,83-440
246,606,08907 Sutherland Way,,København,Denmark,1470
247,623,29761 Spenser Plaza,,Caleufú,Argentina,6387
248,961,1734 Hoard Court,,Bergem,Luxembourg,L-3318
249,886,04910 Iowa Junction,PO Box 37703,Barkol,China,
250,173,2072 Glacier Hill Junction,,Paris 19,France,75954 CEDEX 19
251,181,9 Lakewood Hill,Room 52,Linxihe,China,
252,744,4 Steensland Hill,,Yongfu,China,
253,232,5688 Farwell Park,,Raleigh,United States,27690
254,627,15 Springview Place,,Oetua,Indonesia,
255,739,425 Lillian Point,,Coro,Venezuela,
256,668,79796 Hollow Ridge Place,,Lazi,Ukraine,
257,158,963 Lunder Point,,Gaotuo,China,
258,227,2307 Marquette Junction,,Wuying,China,
259,136,43639 Algoma Plaza,,Berdyans’k,Ukraine,
260,323,50 Steensland Terrace,Room 1912,Kalilangan,Philippines,8718
261,292,2654 Graceland Avenue,,Göteborg,Sweden,400 15
262,41,442 Michigan Plaza,,Várzea Alegre,Brazil,63540-000
263,302,324 Kipling Park,,Santa Monica,Philippines,8422
264,586,446 Daystar Plaza,,Sioguí Arriba,Panama,
265,401,078 Di Loreto Trail,,Saint-Dizier,France,52109 CEDEX
266,994,309 Carpenter Street,,Chabu,China,
267,215,59 Bartelt Road,,Huadi,China,
268,15,4663 Butterfield Trail,,Huaranchal,Peru,
269,263,952 Mayer Lane,,Choroszcz,Poland,16-070
270,956,8997 Mandrake Hill,,Maluno Sur,Philippines,3332
271,107,27172 Clove Pass,4th Floor,Washington,United States,20430
272,428,7 Oakridge Alley,,Passos,Portugal,4710-730
273,252,408 Talmadge Alley,,Kaliasin,Indonesia,
274,571,38972 Anderson Point,,Kapshagay,Kazakhstan,
275,228,0089 Elka Place,,Častolovice,Czech Republic,517 50
276,422,4 Hanover Point,,General Conesa,Argentina,8503
277,643,16829 Knutson Crossing,,Diancun,China,
278,179,67303 Merry Point,Suite 65,Baisha,China,
279,694,68 Magdeline Avenue,,Al Qābil,Oman,
280,114,7 Burrows Circle,,Tomilino,Russia,140074
281,769,309 Bobwhite Lane,,Dengjia,China,
282,218,4798 Coleman Lane,,Obsza,Poland,23-413
283,11,0 Algoma Pass,,Vostryakovo,Russia,141662
284,725,87 American Ash Court,,Yunmenling,China,
285,942,00 8th Trail,,Siay,Philippines,7006
286,300,92466 Blackbird Circle,,Buseresere,Tanzania,
287,84,36297 Rutledge Court,,Huanchaco,Peru,
288,494,8 Coolidge Road,Room 1021,Duyang,China,
289,956,6050 Hintze Park,,El Zapote,Mexico,39949
290,707,25447 Doe Crossing Avenue,,Połomia,Poland,44-323
291,812,239 Upham Street,,Thị Trấn Tam Điệp,Vietnam,
292,127,51 Little Fleur Parkway,,Homeyo,Indonesia,
293,417,770 Stoughton Junction,,Daciyao,China,
294,53,061 Burrows Circle,,Abreus,Cuba,
295,262,70 Bunting Park,4th Floor,Zasip,Slovenia,4274
296,530,97 Menomonie Avenue,,Primorskiy,Russia,692769
297,278,254 Twin Pines Drive,,Chengxi,China,
298,681,9574 Grim Center,,Caazapá,Paraguay,
299,741,36738 Mcbride Junction,Room 844,Sigma,Philippines,5816
300,768,9 Lake View Court,,Žabljak,Montenegro,
301,723,20113 Laurel Pass,,Kumanis,Indonesia,
302,597,166 Waywood Parkway,,Baima,China,
303,631,99012 Meadow Ridge Center,,Meilong,China,
304,817,90 Lakewood Gardens Crossing,,Dongjiao,China,
305,731,519 Oakridge Way,PO Box 67122,Amadora,Portugal,2610-006
306,641,6042 Dayton Place,,Mashiko,Japan,321-4217
307,346,6930 Main Parkway,,Sanli,China,
308,285,17 8th Trail,Room 415,Paicol,Colombia,415047
309,188,04874 Butternut Avenue,,Miraflores,Portugal,1495-048
310,2,674 Shelley Parkway,2nd Floor,Tangwāni,Pakistan,79151
311,388,12 Caliangt Junction,Suite 74,Buang,Philippines,1224
312,928,546 Chinook Hill,Room 28,Yanggu,South Korea,
313,115,998 Melody Crossing,,Tres Arroyos,Argentina,2445
314,296,911 Linden Lane,,Margara,Armenia,
315,219,035 Thackeray Road,,Vayk’,Armenia,
316,573,10 Sutteridge Parkway,Room 456,Zhaobaoshan,China,
317,757,7 Debra Drive,,Naḩḩālīn,Palestinian Territory,
318,756,5617 Myrtle Center,,Balky,Ukraine,
319,227,59762 Esch Trail,,Paradahan,Philippines,4114
320,933,35084 Erie Park,,Šluknov,Czech Republic,407 77
321,143,41 Brickson Park Junction,,Barranca,Peru,
322,17,48796 Coleman Alley,,Bartniczka,Poland,87-321
323,700,2160 Grover Point,,Capacho Nuevo,Venezuela,
324,421,5731 Leroy Court,,Raposos,Brazil,34400-000
325,968,466 Nevada Crossing,,Rozivka,Ukraine,
326,828,6 Old Gate Pass,,Banjar Tengah,Indonesia,
327,11,7924 Sloan Trail,,Västervik,Sweden,593 62
328,431,7317 3rd Alley,,Tiwi,Philippines,4513
329,723,6 Jay Alley,PO Box 17951,Palaiópyrgos,Greece,
330,808,317 Esch Trail,,Fuchun,China,
331,876,99507 Summit Hill,,Kasamatsuchō,Japan,504-0968
332,291,7103 Crowley Junction,,Machang,China,
333,664,1 Claremont Junction,,Caoxi,China,
334,685,54335 Doe Crossing Road,,Sebu,Philippines,9009
335,87,3 Rieder Trail,,Qiaoshi,China,
336,235,44945 2nd Hill,,Mahaica Village,Guyana,
337,734,0362 Crownhardt Way,,San Luis,Colombia,733008
338,6,5205 Oak Lane,,Voskresensk,Russia,140209
339,906,1 Montana Way,,Loja,Ecuador,
340,851,96 David Lane,,Pulo,Philippines,1706
341,644,674 Steensland Pass,,Beichan,China,
342,93,88 Union Junction,,Crossmolina,Ireland,A98
343,787,60 Norway Maple Way,,Toulon,France,83077 CEDEX 9
344,544,4 Barby Junction,7th Floor,Yunmen,China,
345,925,01410 Northfield Avenue,,Jatirejo,Indonesia,
346,720,203 Almo Lane,,Harembo,Comoros,
347,20,9721 Hanson Junction,,Talagante,Chile,
348,276,71 7th Way,,Norrköping,Sweden,601 14
349,740,4518 Ridge Oak Hill,,Ostrožac,Bosnia and Herzegovina,
350,492,3 Sunnyside Way,,Usab,Philippines,6127
351,329,7082 Gerald Court,,Weda,Indonesia,
352,122,3497 Kingsford Court,,Senggapi,Indonesia,
353,892,904 Coleman Way,,Labrador,Philippines,2402
354,210,0 Red Cloud Way,,Zonghan,China,
355,773,2 Mockingbird Alley,,Ouranoupolis,Greece,
356,173,156 Onsgard Circle,,Dunaivtsi,Ukraine,
357,710,98214 Butternut Parkway,,Soutelo,Portugal,4990-565
358,789,922 Farragut Junction,,Duvergé,Dominican Republic,10503
359,608,887 Esker Trail,,Bene 'Ayish,Israel,
360,696,27 Thackeray Parkway,,Pato Branco,Brazil,85500-000
361,574,09067 Scoville Trail,,Almaguer North,Philippines,3707
362,753,9 West Alley,,Huangzhan,China,
363,798,4 Village Green Road,,Lanpelan,Indonesia,
364,200,432 Anhalt Center,,Lincoln,United States,68517
365,974,624 Westerfield Terrace,,Jinhua,China,
366,251,0 Springview Avenue,,Lindavista,Mexico,95098
367,197,0727 Bellgrove Street,,Halmstad,Sweden,302 70
368,368,3 Anniversary Park,PO Box 44418,Boronów,Poland,42-283
369,70,514 Lighthouse Bay Drive,,Jalaud,Philippines,1045
370,576,28360 Longview Park,,Hanjia,China,
371,314,93 Pleasure Avenue,,Bajina Bašta,Serbia,
372,297,22 Anderson Trail,Suite 81,Ifakara,Tanzania,
373,801,02249 Old Gate Junction,,Wutong,China,
374,707,788 Tony Parkway,,Zhangjiafang,China,
375,40,7852 Union Place,Apt 210,Jiangning,China,
376,116,5 Glacier Hill Point,,Manlucahoc,Philippines,2805
377,86,769 Katie Court,,Stockholm,Sweden,106 65
378,262,3566 Dovetail Way,,Haymā’,Oman,
379,161,6 Shelley Court,,Libei,China,
380,64,804 Mendota Terrace,,Mberubu,Nigeria,
381,427,2854 Swallow Junction,,Krasnoye,Russia,399345
382,616,5184 Columbus Alley,,Perm,Russia,614097
383,6,8298 Summit Avenue,,Vyshniy Volochëk,Russia,601803
384,611,3847 7th Lane,,Amiens,France,80020 CEDEX 9
385,350,65 Stuart Alley,,Astara,Azerbaijan,
386,983,9 Menomonie Hill,,Varoška Rijeka,Bosnia and Herzegovina,
387,213,81329 Lukken Crossing,,Pantin,France,93691 CEDEX
388,120,6 Lawn Road,,Kitaibaraki,Japan,319-1559
389,315,1829 Oneill Parkway,,Pingzhuang,China,
390,123,98893 Nevada Trail,,Rio Claro,Trinidad and Tobago,
391,354,11300 Maywood Court,,Limbuš,Slovenia,2341
392,544,5 Menomonie Point,,Quxi,China,
393,446,28 Warrior Court,,Marathókampos,Greece,
394,593,99 Raven Way,,Calape,Philippines,6328
395,251,87267 Darwin Road,,Toki,Japan,509-6251
396,419,64 Stuart Alley,,Crossfield,Canada,B0N
397,708,00 Saint Paul Center,,Keyinhe,China,
398,239,797 Iowa Pass,,La Dorada,Colombia,175038
399,234,74 Crownhardt Avenue,,Nagqu,China,
400,76,37 Dixon Plaza,,Qiangtou,China,
401,698,6774 Talisman Avenue,,Kotabaru,Indonesia,
402,326,58 Eggendart Court,,Cibetung Dua,Indonesia,
403,954,41 Meadow Ridge Street,,Saint-Fargeau-Ponthierry,France,77986 CEDEX
404,394,5885 Susan Center,,Belalcazar,Colombia,177007
405,667,80 Scoville Crossing,,Karakol,Kyrgyzstan,
406,889,1 Milwaukee Circle,,Les Abymes,Guadeloupe,97182 CEDEX
407,882,015 Waywood Drive,,Mehtar Lām,Afghanistan,
408,279,6 Heath Alley,,Gualaceo,Ecuador,
409,105,44437 Rieder Parkway,,Becerril,Philippines,8504
410,250,7465 Anderson Street,,Maiorca,Portugal,3090-469
411,563,35 Harbort Drive,,Kanshi,China,
412,108,03 Rigney Hill,,Kuala Terengganu,Malaysia,20576
413,22,92189 Petterle Road,,Losino-Petrovskiy,Russia,353318
414,740,2 Heffernan Alley,,Tarsouat,Morocco,
415,456,09185 Jana Court,,Mirzāpur,Bangladesh,1945
416,54,8408 Glendale Terrace,,Sabinópolis,Brazil,39750-000
417,8,56747 Elgar Way,,Baitashan,China,
418,285,87812 Mifflin Alley,,Killorglin,Ireland,H14
419,613,7868 Homewood Hill,,Donnacona,Canada,G3M
420,748,33 Sloan Parkway,,Strizhi,Russia,612090
421,790,59 Crowley Junction,,Gaoleshan,China,
422,535,16 Westport Pass,,Al Başrah,Iraq,
423,872,3 Southridge Junction,Room 1557,Lebao,Indonesia,
424,368,7629 Butternut Circle,,Klichaw,Belarus,
425,451,736 Ohio Parkway,,Armopa,Indonesia,
426,727,910 Moulton Point,,Savonranta,Finland,58300
427,893,683 Dwight Point,,Hevlín,Czech Republic,671 69
428,553,9 Main Terrace,,Kuala Baru,Indonesia,
429,292,24 Ruskin Circle,,Xitou,China,
430,403,90 Graedel Pass,,Baozhu,China,
431,555,1 Waywood Parkway,,Suure-Jaani,Estonia,
432,651,70 Portage Plaza,PO Box 78474,Malawag,Philippines,4022
433,959,7 Mesta Road,,Maebashi-shi,Japan,379-2166
434,566,2 Southridge Avenue,Room 179,Wuxiang,China,
435,890,02003 Holmberg Avenue,,Sumberejo,Indonesia,
436,441,3436 Little Fleur Avenue,,Daxinshao,China,
437,605,6664 Pearson Pass,,Unquillo,Argentina,5109
438,437,3 Londonderry Place,,Sukaharja,Indonesia,
439,45,1 Scoville Way,,Velika Kladuša,Bosnia and Herzegovina,
440,152,7 Clyde Gallagher Way,,Ciherang,Indonesia,
441,187,8 Cardinal Court,,San Francisco,Mexico,95710
442,159,897 Continental Trail,,Tamisan,Philippines,6709
443,896,9 Myrtle Center,,Lagunillas,Venezuela,
444,643,4 Lyons Lane,,Kundung,Indonesia,
445,209,226 Brickson Park Lane,,Nis’oni,Indonesia,
446,135,35 Coleman Center,,Pawa,Philippines,4501
447,64,43538 Shasta Court,,Gulonggang,China,
448,221,21 Porter Crossing,Suite 9,Xiaotang,China,
449,193,08576 Sullivan Street,,Shikhany,Russia,412950
450,547,07 Hoard Trail,,Mboto,Indonesia,
451,312,0 Melby Junction,,Zhangping,China,
452,660,914 Debra Terrace,,Damayan,Philippines,1104
453,562,5 Hanson Trail,,Hougong,China,
454,945,429 Shasta Way,17th Floor,Fastovetskaya,Russia,352101
455,71,44 Linden Plaza,,Badarganj,Bangladesh,5430
456,77,8024 Upham Place,,Olho Marinho,Portugal,2510-515
457,974,1 Lighthouse Bay Alley,,Horní Jelení,Czech Republic,533 74
458,695,0 Novick Way,,Istres,France,13807 CEDEX
459,735,816 Union Park,,Fort Worth,United States,76105
460,512,23098 Lukken Pass,,Yelizavetinskaya,Russia,385123
461,374,5 Hayes Terrace,,Wanjia,China,
462,604,46251 Homewood Place,7th Floor,Andovoranto,Madagascar,
463,488,46 Nancy Road,,Estância Velha,Brazil,93600-000
464,283,2 Scoville Place,,Kumlinge,Aland Islands,22820
465,637,945 Carberry Terrace,,Mammari,Cyprus,
466,228,567 Quincy Plaza,,Jalalaqsi,Somalia,
467,105,321 Clyde Gallagher Parkway,,Az Zubaydāt,Palestinian Territory,
468,978,1 Elka Hill,,Vessada,Portugal,3810-609
469,176,50707 Aberg Street,,Anjozorobe,Madagascar,
470,952,7216 Cardinal Crossing,,Erdenet,Mongolia,
471,752,06409 Kropf Lane,,Qeshm,Iran,
472,204,5 Mitchell Trail,,Cisek,Poland,47-253
473,633,6 Tennyson Court,,Golema Rečica,Macedonia,1219
474,149,58 Burning Wood Court,,København,Denmark,1360
475,79,40 Meadow Vale Way,,Presidente Epitácio,Brazil,19470-000
476,590,236 Monica Road,,Mander,Indonesia,
477,771,4509 Oxford Way,,Winschoten,Netherlands,9674
478,553,76379 Nevada Place,,São Paio de Seide,Portugal,4770-665
479,106,73 Helena Pass,,Washington,United States,20036
480,548,857 Brickson Park Parkway,PO Box 85999,Shanggan,China,
481,197,705 Mockingbird Court,,Sattahip,Thailand,20180
482,92,205 Waywood Plaza,Room 1349,Zemio,Central African Republic,
483,167,2 Clyde Gallagher Trail,,Leeuwarden,Netherlands,8904
484,301,24079 Iowa Drive,,Carregal,Portugal,3800-854
485,948,928 Fallview Place,,Zubtsov,Russia,172318
486,714,547 Norway Maple Drive,,San José Acatempa,Guatemala,22016
487,943,857 Basil Avenue,,Karangsari,Indonesia,
488,951,9 Talisman Terrace,PO Box 85837,Monte de Trigo,Portugal,7220-205
489,260,3 Kim Place,,Derviçian,Albania,
490,625,4044 Memorial Terrace,,Pansoy,Philippines,6801
491,642,01660 Cardinal Plaza,,Shihuang,China,
492,530,046 Merchant Way,,Bangunsari,Indonesia,
493,451,502 Lighthouse Bay Court,,Santo Amaro,Portugal,9800-325
494,809,64372 Barby Lane,Room 494,Oli,Indonesia,
495,220,94727 Darwin Pass,,Casa Branca,Brazil,13700-000
496,80,7533 Laurel Street,,Macayug,Philippines,5417
497,975,96260 Crescent Oaks Junction,,Luhans’ke,Ukraine,
498,290,72423 Cordelia Alley,,Korisós,Greece,
499,171,5895 Dapin Street,PO Box 65179,Shangfang,China,
500,320,203 Northview Center,,Gustavia,Saint Barthelemy,
501,612,72238 Gale Trail,,Zelenodolsk,Russia,422549
502,940,0 Duke Point,,Carmo do Paranaíba,Brazil,38840-000
503,807,62 Fallview Crossing,,Solosolo,Samoa,
504,347,344 Ridge Oak Road,,Razgrad,Bulgaria,7219
505,272,0 Spohn Junction,,Växjö,Sweden,352 44
506,952,52 Golden Leaf Road,,Santa Cruz,Venezuela,
507,838,8929 Elka Alley,,Manogay,Afghanistan,
508,92,760 Dayton Avenue,,Maoya,China,
509,958,0108 Lunder Street,,Estreito Câmara de Lobos,Portugal,9325-006
510,617,9622 4th Drive,,Yŏng-dong,South Korea,
511,650,4273 Bonner Hill,,Asia,Peru,
512,269,058 Armistice Terrace,,Ranua,Finland,97701
513,499,42 Roth Street,,Yemva,Russia,169205
514,594,97 Bowman Hill,,Shangma,China,
515,572,95347 Briar Crest Plaza,,Bangelan,Indonesia,
516,937,0 Lighthouse Bay Alley,Apt 1596,Pengchang,China,
517,821,747 Darwin Parkway,,Jomboy,Uzbekistan,
518,519,882 Westport Hill,,Zhangdian,China,
519,422,3 Coolidge Point,,Sho’rchi,Uzbekistan,
520,656,214 Hanover Lane,,Zuitou,China,
521,316,1 Fuller Lane,,Grati Satu,Indonesia,
522,178,655 Shopko Point,,Stepanovićevo,Serbia,
523,385,8 Talisman Place,,Woodstock,Canada,E7M
524,992,1308 Mandrake Terrace,,Sangmélima,Cameroon,
525,787,75 West Street,,Gominhães,Portugal,4800-424
526,191,0 Oak Way,,Zhankhoteko,Russia,361524
527,784,5115 Independence Center,,Īz̄eh,Iran,
528,199,06 Parkside Road,,Huangli,China,
529,937,54744 Autumn Leaf Avenue,PO Box 68707,Mueang Nonthaburi,Thailand,11120
530,268,833 Northfield Way,Suite 80,Aksu,Kazakhstan,
531,779,486 Comanche Circle,,Cahuac,Peru,
532,316,94763 Tennessee Center,,Arys,Kazakhstan,
533,292,97 Clyde Gallagher Park,,Shitouhe,China,
534,544,50326 Emmet Hill,,Sumberejo,Indonesia,
535,638,413 Ronald Regan Lane,,Charlotte,United States,28299
536,668,30354 Miller Road,,Suzdal’,Russia,601293
537,941,99058 Jay Circle,,Zbytków,Poland,90-360
538,364,430 Schmedeman Street,,Straszydle,Poland,36-043
539,338,41 Corscot Lane,,Huilong,China,
540,655,7688 Pankratz Crossing,,Santa Fe,United States,87592
541,774,4265 Anthes Center,Apt 423,Tagum,Philippines,1720
542,352,79 Lyons Way,,Tomay Kichwa,Peru,
543,600,36430 Cottonwood Plaza,,Quilpué,Chile,
544,109,859 Farmco Alley,,Göteborg,Sweden,411 21
545,445,36 Esker Trail,,Alebtong,Uganda,
546,885,7 Chinook Point,,Dukuh Kaler,Indonesia,
547,40,6749 Westerfield Road,,Linshe,China,
548,674,93053 Elka Lane,,Mingyue,China,
549,506,5107 Melby Junction,,Lincheng,China,
550,83,70542 Nobel Alley,,Ciénaga de Oro,Colombia,232538
551,951,3603 Kim Junction,,Costa Rica,Brazil,79550-000
552,456,966 Carpenter Lane,,Esperanza,Argentina,5131
553,227,750 New Castle Pass,,Shuyuan,China,
554,543,57 Hoard Place,,Fuhe,China,
555,236,3398 Cambridge Terrace,,Cachan,France,94234 CEDEX
556,541,6 Little Fleur Drive,,Ḩuwwārah,Palestinian Territory,
557,577,7 Dryden Park,,Mari,Indonesia,
558,180,16255 Clarendon Terrace,,Lindi,Tanzania,
559,963,43411 Talisman Crossing,,Yonghe,China,
560,926,26 Pearson Plaza,,Peso da Régua,Portugal,5050-223
561,623,60798 Jenifer Avenue,,Matumadua,Indonesia,
562,75,4 Dixon Way,,Wangfu,China,
563,668,6 Upham Point,,Ḩadīdah,Syria,
564,353,5220 Lakewood Lane,,Jingning Chengguanzhen,China,
565,628,3366 Norway Maple Alley,,Butou,China,
566,493,3 Wayridge Avenue,,Baiyun,China,
567,881,25675 Monument Street,,Kadukaung,Indonesia,
568,802,75710 Meadow Ridge Way,,Néos Oropós,Greece,
569,305,2 Leroy Alley,,Tubalan,Philippines,1609
570,598,36 Colorado Court,Suite 73,Mooka,Japan,321-4551
571,530,37097 Jackson Junction,PO Box 55936,Cipeundeuy,Indonesia,
572,551,8 Fremont Hill,,San Isidro,Mexico,35156
573,871,7 Redwing Circle,,Zhuangta,China,
574,854,3 Moose Crossing,,La Argentina,Colombia,415088
575,453,6304 Pleasure Crossing,4th Floor,Morong,Philippines,2109
576,518,89 Homewood Way,,Quva,Uzbekistan,
577,563,57790 North Point,,Qiman,China,
578,679,588 Portage Street,,Andrijevica,Montenegro,
579,726,922 Messerschmidt Park,,Télimélé,Guinea,
580,781,4 Manley Drive,,Shigu,China,
581,368,0137 Springview Lane,,Pushkino,Azerbaijan,
582,870,98182 Di Loreto Lane,,Barrosa,Portugal,2130-166
583,590,8 Eagan Alley,,Ljungby,Sweden,341 84
584,102,2324 Rieder Pass,,Matang,China,
585,427,17675 Mockingbird Plaza,,Bezlyudivka,Ukraine,
586,106,401 Vidon Place,,Rumboci,Bosnia and Herzegovina,
587,762,41 Lerdahl Avenue,Room 1848,Novi Travnik,Bosnia and Herzegovina,
588,99,449 Russell Terrace,,Santa Bárbara,Venezuela,
589,470,887 Little Fleur Terrace,4th Floor,Ihuari,Peru,
590,891,2276 Almo Hill,,Berlin,Germany,14109
591,95,45 Chinook Alley,,Yuetang,China,
592,748,222 Hudson Junction,,Miao’ergou,China,
593,354,999 Arrowood Road,,Tuqiao,China,
594,525,82 Straubel Trail,,Getafe,Spain,28904
595,61,541 Northview Way,,Bistrica ob Sotli,Slovenia,3256
596,419,215 Ramsey Crossing,,Malbug,Philippines,2402
597,397,534 Esker Drive,PO Box 18637,Hekou,China,
598,248,089 Columbus Center,,Samborondón,Ecuador,
599,512,07 American Crossing,,Condega,Nicaragua,
600,754,6 Ramsey Place,,Lynchburg,United States,24515
601,197,392 Sundown Circle,,Örebro,Sweden,701 43
602,34,6768 Gulseth Way,,Nanniu,China,
603,790,4 Elgar Trail,,Campaka,Indonesia,
604,558,06105 Browning Avenue,PO Box 92171,Quatro Barras,Brazil,83420-000
605,305,6 Bonner Pass,,Amassoma,Nigeria,
606,953,071 Kropf Park,,Panbang,Bhutan,
607,270,175 Ilene Trail,,Pinhal de Frades,Portugal,2840-284
608,609,075 Anhalt Center,,Maria Aurora,Philippines,3202
609,196,0 Memorial Avenue,Apt 632,Jiang’an,China,
610,742,4 American Ash Circle,,Lubaczów,Poland,37-600
611,180,8837 Old Shore Crossing,Suite 60,Satrejan,Indonesia,
612,728,50443 Elmside Way,,Youzai,China,
613,814,50884 Union Avenue,,Palalang,Indonesia,
614,423,8 Gale Center,Suite 43,Marzhing,China,
615,20,44842 Forest Run Crossing,,Urshel’skiy,Russia,601554
616,35,3350 Butterfield Terrace,,Korogan Timur,Indonesia,
617,241,6039 Commercial Way,,Stockholm,Sweden,111 27
618,746,56 Thierer Trail,,Sävsjö,Sweden,576 24
619,594,39719 Dunning Center,,Frederiksberg,Denmark,1950
620,162,6 Becker Street,,Hexi,China,
621,131,1774 7th Alley,,Paris 18,France,75884 CEDEX 18
622,922,9868 Eastlawn Place,,Rogoza,Slovenia,2327
623,669,61377 Division Point,,Suchedniów,Poland,26-130
624,91,6 International Way,,Miasskoye,Russia,456660
625,936,7568 Mcbride Trail,,Североморск-3,Russia,184606
626,460,99435 Mifflin Crossing,,High Prairie,Canada,L8N
627,719,3207 South Court,,Šilheřovice,Czech Republic,747 15
628,786,93351 Colorado Way,,Vári,Greece,
629,457,7735 Lillian Avenue,,Novogornyy,Russia,456796
630,166,485 2nd Park,,Zhushan,China,
631,905,8043 Anhalt Terrace,,Międzyzdroje,Poland,72-500
632,446,45088 Mayer Way,,Kansas City,United States,66160
633,484,79615 Pankratz Road,,Amsterdam Noord west,Netherlands,1039
634,646,35 Warbler Pass,,Seremban,Malaysia,70572
635,411,309 Dapin Alley,,Palhais,Portugal,4620-023
636,501,750 Comanche Street,,Nakhon Ratchasima,Thailand,31110
637,621,5 Reindahl Center,,Setro,Indonesia,
638,259,975 Mayer Court,,Hässelby,Sweden,165 60
639,957,6467 1st Circle,,Breu,Peru,
640,89,58560 Ridgeway Circle,,Fuente de Oro,Colombia,504028
641,663,030 Rigney Place,,Chian Yai,Thailand,80190
642,198,724 Anniversary Road,,Curahklapa,Indonesia,
643,70,26 Manitowish Drive,13th Floor,Zhuangbu,China,
644,896,227 Hollow Ridge Alley,,Xinhui,China,
645,306,0691 West Plaza,,Liozon,Philippines,6043
646,615,6291 Westridge Junction,,Patapan,Indonesia,
647,927,792 Norway Maple Court,PO Box 2906,Memphis,United States,38161
648,352,8205 School Terrace,,Guyi,China,
649,285,168 Tennyson Alley,,Aurora,Philippines,7020
650,977,0741 Delladonna Way,,Mîndreşti,Moldova,MD-5840
651,638,28671 Gina Trail,,Ilinden,Macedonia,1041
652,511,835 Spohn Lane,,Kiikala,Finland,25390
653,548,102 Shopko Place,,Kasingan,Indonesia,
654,984,238 Carioca Terrace,,Dicun,China,
655,724,27 Dapin Avenue,,Sijihong,China,
656,680,644 Novick Way,,Yingtan,China,
657,281,84841 Debs Hill,,Shinao,China,
658,165,775 Morningstar Circle,,Lincuo,China,
659,338,64316 American Hill,,Heihe,China,
660,603,45 8th Alley,,Morro do Chapéu,Brazil,44850-000
661,514,97985 Northridge Circle,,Göteborg,Sweden,412 62
662,858,4 Old Shore Junction,,Bells Corners,Canada,K2R
663,286,726 Schiller Terrace,,Mandepa Barat,Indonesia,
664,498,76887 Bultman Way,,Yarumal,Colombia,052038
665,408,48051 Hanover Way,,Montauban,France,82004 CEDEX
666,446,36 Fallview Alley,,Islāmkot,Pakistan,69240
667,247,528 Del Mar Trail,,Cachoeiras de Macacu,Brazil,28680-000
668,47,2 Shopko Crossing,Room 709,Uppsala,Sweden,751 82
669,685,5801 Garrison Avenue,,Mértola,Portugal,7750-321
670,84,993 Kenwood Road,,Kulykiv,Ukraine,
671,820,77 Dunning Place,,Blizne,Poland,36-221
672,235,098 Kingsford Lane,,Uchaly,Russia,665133
673,483,602 American Ash Terrace,,Zel’va,Belarus,
674,452,7 Larry Center,,Richky,Ukraine,
675,274,1192 Merchant Avenue,,Xikou,China,
676,197,9668 Spohn Hill,PO Box 82074,Kŭrdzhali,Bulgaria,6710
677,207,64 Goodland Crossing,,Debrzno,Poland,77-310
678,40,7 Texas Way,Room 1748,Barayong,Philippines,4500
679,559,885 Ridge Oak Place,,Boyeros,Cuba,
680,703,26301 Clarendon Pass,,Fagatogo,American Samoa,96799
681,397,5 Delaware Place,,Cruzília,Brazil,37445-000
682,149,8815 4th Crossing,,Pasanggrahan,Indonesia,
683,721,368 Bartillon Plaza,,Tangjian,China,
684,659,6345 American Ash Plaza,,Vermoim,Portugal,4770-754
685,256,98 Caliangt Court,,Gunem,Indonesia,
686,975,86 Surrey Parkway,,Turirejo,Indonesia,
687,452,890 Vahlen Plaza,13th Floor,Maputsoe,Lesotho,
688,764,6 Maywood Court,,Terra Chã,Portugal,9700-685
689,668,18 Charing Cross Plaza,,Ḩarf al Musaytirah,Syria,
690,776,7 West Place,,Tarariras,Uruguay,
691,527,13364 Lukken Avenue,,Xinqiao,China,
692,514,07 Truax Parkway,Apt 808,Dzhalka,Russia,366216
693,692,8 Badeau Street,PO Box 39560,Imtarfa,Malta,ZBG
694,936,433 Esch Circle,,Nesovice,Czech Republic,683 33
695,863,25 Granby Trail,,Mino,Japan,709-4306
696,644,33 Blackbird Way,,Lawrenceville,United States,30045
697,628,1307 Hoard Street,,Gaoshan,China,
698,183,7 Oneill Road,,Lungaog,Philippines,7012
699,30,7 Waubesa Court,,Messina,Italy,98124
700,966,5498 Briar Crest Circle,,Bokong Timur,Indonesia,
701,990,0 Swallow Trail,,Kökar,Aland Islands,22730
702,811,2 Vahlen Lane,,Darwin,Argentina,8364
703,352,12 Towne Junction,,Nariño,Colombia,252837
704,976,81797 Columbus Parkway,,Shāzand,Iran,
705,351,44664 Sloan Hill,,Alto Río Senguer,Argentina,9033
706,242,6140 Hovde Lane,,Saguiaran,Philippines,9701
707,871,36381 Pine View Junction,,Remedios,Cuba,
708,441,28065 Farwell Trail,,Xiangzikou,China,
709,786,5 Petterle Circle,,San Antonio,Philippines,6407
710,766,58372 Schmedeman Street,,Moca,Dominican Republic,11902
711,431,0 International Way,,Umeå,Sweden,904 22
712,410,3129 Fairfield Junction,,Ural,Russia,663974
713,908,04375 Graedel Circle,,Gubkinskiy,Russia,427275
714,44,2973 Calypso Alley,,Petropavlovsk,Kazakhstan,
715,686,9 Fairfield Place,,San Rafael Petzal,Guatemala,13028
716,52,4 Oakridge Place,,Ina,Japan,962-0042
717,495,906 Atwood Circle,,San Pedro,Philippines,4023
718,486,86 Lawn Way,,Osiek,Poland,87-340
719,678,67981 Loftsgordon Plaza,,Libao,China,
720,525,39 Oneill Place,Apt 1359,Kananga,Democratic Republic of the Congo,
721,659,74 Comanche Point,,Novoul’yanovsk,Russia,433300
722,515,69225 Comanche Alley,,Cikoneng,Indonesia,
723,347,67579 Kensington Pass,,Temyasovo,Russia,453663
724,207,7127 Autumn Leaf Place,,Smilavichy,Belarus,
725,585,42818 Rigney Road,,Semuda,Indonesia,
726,469,187 Superior Point,,Lanyang,China,
727,29,517 Carberry Avenue,PO Box 59831,Bambanglipuro,Indonesia,
728,325,760 Stone Corner Parkway,,Piątnica,Poland,18-421
729,886,57836 Rockefeller Center,PO Box 28053,Hajnówka,Poland,17-201
730,831,49721 Fremont Hill,,Karukh,Afghanistan,
731,210,1407 Fisk Road,,Erie,United States,16522
732,471,724 Carey Circle,PO Box 75977,Dongdu,China,
733,810,99250 Harbort Point,,Zhouhe,China,
734,307,8 Manley Junction,,Pirapora,Brazil,39270-000
735,633,4 Lien Circle,,Santo Domingo Oeste,Dominican Republic,11205
736,956,9448 Del Mar Terrace,,Xin’an,China,
737,856,88441 Crownhardt Plaza,,Den Haag,Netherlands,2495
738,722,87 Rieder Center,,Luhe,China,
739,511,838 Orin Pass,,Quezon,Philippines,8715
740,169,0087 Fieldstone Alley,,Sitajara,Peru,
741,829,08039 Service Way,,Huangshi,China,
742,844,6545 Debra Drive,,Mari,Indonesia,
743,320,594 Jenifer Lane,,Diamante,Argentina,3105
744,402,3698 Kinsman Park,,Zhitan,China,
745,305,1971 Mendota Avenue,,Bayan Ewenke Minzu,China,
746,456,6 Hintze Point,,Washington,United States,20337
747,109,5 Lakeland Place,,Sainte-Marthe-sur-le-Lac,Canada,H9K
748,5,81853 Mallory Pass,,Celorico de Basto,Portugal,4890-223
749,623,74239 Elmside Junction,,Pueblo Nuevo,Venezuela,
750,987,22536 Claremont Lane,,Baton Rouge,United States,70894
751,559,1 Muir Alley,,Guantánamo,Cuba,
752,970,932 5th Parkway,,Krasnyy Oktyabr’,Russia,601974
753,468,45183 Hermina Circle,Apt 85,Cibeuti,Indonesia,
754,722,9 Carioca Point,,Yuguan,China,
755,834,36071 Welch Court,,Untolovo,Russia,431783
756,121,2979 Lerdahl Alley,Suite 72,Tarbes,France,65022 CEDEX 9
757,181,61 Merrick Place,,Bilyarsk,Russia,422920
758,169,66 Hovde Pass,,Kajatian,Philippines,7407
759,60,48271 Debra Plaza,,Lebak,Indonesia,
760,986,3 Springview Plaza,,Stockholm,Sweden,102 52
761,727,6 Carey Way,Apt 967,Plateliai,Lithuania,90036
762,641,32584 Redwing Center,,Tembladera,Peru,
763,246,516 Park Meadow Road,,Lillooet,Canada,H9G
764,780,70640 Duke Hill,,Bandar-e Lengeh,Iran,
765,215,8 Old Gate Lane,,Carandaí,Brazil,36280-000
766,656,3390 Shoshone Avenue,,Quận Tân Phú,Vietnam,
767,445,5681 Caliangt Avenue,,Ciyu,China,
768,833,59 Meadow Vale Parkway,,Pereiro,Portugal,4950-840
769,92,900 Fallview Drive,,Herrera,Philippines,5013
770,330,52404 Ramsey Trail,,Nanxi,China,
771,949,338 Utah Hill,,Patimuan,Indonesia,
772,624,7968 Melby Crossing,,Pointe-Noire,Republic of the Congo,
773,981,514 Bartillon Place,,Waitara,New Zealand,4346
774,387,617 Dryden Point,,Renko,Finland,14300
775,786,16 Barnett Drive,PO Box 68332,Västervik,Sweden,593 35
776,218,3321 Nevada Drive,,Kuching,Malaysia,93722
777,297,3 Sugar Park,,Tabasalu,Estonia,
778,788,757 Loftsgordon Street,,Tân An,Vietnam,
779,144,1327 Debs Drive,,Mutā Khān,Afghanistan,
780,655,9930 Mariners Cove Lane,,Pontes,Portugal,2435-127
781,326,98133 Killdeer Road,,Postira,Croatia,21410
782,104,6269 Farwell Parkway,,Stockholm,Sweden,116 92
783,869,90 Shasta Junction,,Radashkovichy,Belarus,
784,859,87 Summer Ridge Pass,,Kanazawa-shi,Japan,924-0007
785,75,74275 Brown Circle,,Soio,Angola,
786,627,2 Golden Leaf Hill,,Rote,Indonesia,
787,385,6 Vera Way,,Kebonkaret,Indonesia,
788,136,4721 Hallows Place,,Breda,Netherlands,4829
789,263,4 Sutteridge Pass,,Jiaoshanhe,China,
790,432,22 Glendale Circle,,Gaofeng,China,
791,948,96 Daystar Drive,,Mýto,Czech Republic,347 01
792,250,425 Dayton Alley,,Kensington,Canada,S7K
793,331,336 Crest Line Terrace,,Anren Chengguanzhen,China,
794,889,94 Thackeray Lane,,Mogilany,Poland,32-031
795,183,0 Holmberg Point,PO Box 11651,Nanlu,China,
796,548,71457 Shasta Point,,Baffa,Pakistan,21110
797,10,8 Southridge Hill,7th Floor,Khvalovo,Russia,187435
798,258,70867 Hovde Plaza,,Tekeli,Kazakhstan,
799,454,03958 High Crossing Place,,Salamá,Guatemala,15001
800,111,0 Scoville Circle,,Funza,Colombia,250027
801,876,46 Macpherson Circle,,‘Amd,Yemen,
802,919,91306 Hauk Hill,,Tirhanimîne,Morocco,
803,422,399 Magdeline Crossing,,Ust-Maya,Russia,678620
804,439,14 Luster Lane,,Mardā,Palestinian Territory,
805,11,36307 Corben Plaza,,Niquelândia,Brazil,76420-000
806,888,61 Sundown Center,,San Miguel,Mexico,58805
807,913,6251 Mifflin Trail,Suite 10,Chabany,Ukraine,
808,365,2 Evergreen Court,,Masaling,Philippines,1141
809,470,9034 Dwight Center,,Houxiang,China,
810,935,0845 South Avenue,,Velká Bystřice,Czech Republic,783 53
811,742,4510 Bunker Hill Court,,Xiluo,China,
812,227,6294 Del Mar Terrace,,Shencang,China,
813,668,5 Petterle Alley,,Buga,Mongolia,
814,248,00 Kinsman Trail,,Sumberan,Indonesia,
815,15,590 Maywood Junction,,Lincoln,United States,68510
816,538,1 Gulseth Alley,,Loshnitsa,Belarus,
817,493,0 Ohio Pass,,Lam Plai Mat,Thailand,43120
818,161,3 Talisman Pass,,Bertoua,Cameroon,
819,730,740 Nova Road,,Pangkajene,Indonesia,
820,806,9 Village Drive,,Mbouda,Cameroon,
821,583,160 Ridgeway Parkway,,Batanovtsi,Bulgaria,2356
822,620,25759 Hauk Park,,Las Animas,Chile,
823,378,34243 Hayes Drive,,Bella Vista,Dominican Republic,10112
824,979,521 Hazelcrest Terrace,,Sanxi,China,
825,32,73 Haas Circle,,Ligang,China,
826,429,7 Portage Park,,Rancamaya,Indonesia,
827,202,8992 Hoffman Street,Room 1694,Quma,China,
828,832,647 Burrows Way,,Žamberk,Czech Republic,564 01
829,647,8827 Moose Drive,,Al Balyanā,Egypt,
830,773,11040 Dryden Drive,,Dabai,Nigeria,
831,973,1 Fordem Parkway,,Bata Tengah,Indonesia,
832,252,79413 Sloan Alley,,Zvole,Czech Republic,789 01
833,193,8 Golf Course Junction,,Huaguoshan,China,
834,764,68 Main Alley,,Vredendal,South Africa,8207
835,150,5781 Summer Ridge Way,,Vila Alva,Portugal,7940-374
836,796,32 Chive Crossing,,Pulaupinang,Indonesia,
837,584,1685 Clyde Gallagher Point,,Sotteville-lès-Rouen,France,76304 CEDEX
838,500,1 Orin Terrace,Room 871,Iwatsuki,Japan,339-0061
839,86,860 Warrior Crossing,,Komatsushimachō,Japan,779-1122
840,811,991 Loeprich Road,,Antagan Segunda,Philippines,0918
841,59,451 Kropf Alley,,Wuquan,China,
842,285,0233 Sauthoff Alley,,Jonava,Lithuania,55014
843,319,68605 Canary Hill,,Dzikowiec,Poland,36-122
844,947,6 Prentice Circle,,Susuman,Russia,686314
845,484,2 Brown Alley,,Nizhnyaya Omka,Russia,646620
846,941,9554 Nova Circle,,Dolavón,Argentina,5531
847,647,458 Troy Place,,Taman,Indonesia,
848,775,65136 Hansons Plaza,,Bosobolo,Democratic Republic of the Congo,
849,251,3126 Larry Pass,,Saint George's,Grenada,
850,386,42 Linden Court,,Mulyosari,Indonesia,
851,98,9 Daystar Lane,,Weston,United Kingdom,GU32
852,688,65 Arizona Drive,,Bromölla,Sweden,295 37
853,261,065 Mallory Alley,,Conchal,Brazil,13835-000
854,678,2873 Laurel Court,,Shchigry,Russia,399505
855,518,45 Blackbird Drive,,Kasiyan,Indonesia,
856,863,4495 Banding Plaza,,Tenancingo,El Salvador,
857,472,888 Caliangt Park,,Kaczory,Poland,64-810
858,868,2 Mockingbird Alley,,Langpas,Philippines,1053
859,930,60 Brentwood Court,,Zherdevka,Russia,397100
860,566,91 Bowman Center,,Ipoh,Malaysia,30760
861,846,27 Hovde Road,,Monastyrishche,Russia,692380
862,643,966 8th Park,,Nida,Lithuania,30001
863,129,3912 Southridge Pass,,Yanshan,China,
864,456,817 Mayer Court,,Mvuma,Zimbabwe,
865,213,30 Novick Drive,,Owode,Nigeria,
866,53,836 Aberg Place,,Krajan,Indonesia,
867,284,9904 Graceland Hill,,Rudnichnyy,Russia,307505
868,246,411 Rutledge Alley,,Mikulášovice,Czech Republic,407 79
869,728,612 Lillian Hill,,Heqiao,China,
870,668,310 Johnson Avenue,Room 50,San Jose,Philippines,8427
871,437,12258 Meadow Vale Court,,Apiaí,Brazil,18320-000
872,124,511 Artisan Court,,Carrazeda de Ansiães,Portugal,5140-058
873,419,268 Hoard Crossing,,Jia’an,China,
874,669,39 Kennedy Hill,,Xanxerê,Brazil,89820-000
875,640,611 Hanson Park,,Fangzheng,China,
876,732,308 Corben Lane,,Boshof,South Africa,8340
877,253,5 Esch Junction,,Chejiazhuang,China,
878,219,9565 Donald Way,Room 736,Elx/Elche,Spain,03203
879,832,0 West Way,,Xinxu,China,
880,993,6759 Lindbergh Road,,Lais,Philippines,9601
881,227,42611 Red Cloud Parkway,6th Floor,Säter,Sweden,783 35
882,142,188 Northwestern Street,,Songjianghe,China,
883,501,58 New Castle Road,,Xilópolis,Greece,
884,986,19 Sage Point,,Fontanka,Ukraine,
885,134,66 Northland Pass,Apt 259,Amancio,Cuba,
886,153,2455 Parkside Terrace,,Gościeradów,Poland,23-231
887,73,33156 Sheridan Terrace,,São Gabriel da Cachoeira,Brazil,69750-000
888,800,469 Kensington Parkway,,Obong,Philippines,2614
889,30,52940 Cherokee Lane,,Wangji,China,
890,665,08 Rigney Place,,Yur’yev-Pol’skiy,Russia,601800
891,180,971 Forster Parkway,Room 1864,Singosari,Indonesia,
892,571,33 Carioca Parkway,,Kishk-e Nakhūd,Afghanistan,
893,866,1 Darwin Court,,Hisor,Tajikistan,
894,459,834 Lerdahl Junction,Suite 96,Sîr ed Danniyé,Lebanon,
895,670,86406 Schlimgen Road,,Lizi,China,
896,661,7 Sunbrook Crossing,PO Box 94579,Conceição das Alagoas,Brazil,38120-000
897,544,08 Holy Cross Way,13th Floor,Kanlagay,Philippines,8712
898,687,392 Bluejay Crossing,,Artashat,Armenia,
899,272,0313 Coolidge Drive,,Pridonskoy,Russia,394091
900,982,01 North Way,,Phanat Nikhom,Thailand,20140
901,31,65 Bunting Circle,,Fengping,China,
902,110,456 Arizona Terrace,18th Floor,Sukhobuzimskoye,Russia,663040
903,291,76 Goodland Trail,,Messina,Italy,98124
904,824,5 Eggendart Lane,PO Box 97268,Yuelai,China,
905,357,3329 Crescent Oaks Circle,,Mġarr,Malta,MGR
906,865,86353 Arapahoe Plaza,,San Pedro Necta,Guatemala,13006
907,454,4823 Straubel Plaza,,Itatinga,Brazil,18690-000
908,832,6967 Sachs Terrace,,Ronggo,Indonesia,
909,831,8611 East Court,Apt 879,Xiongji,China,
910,204,02 Harbort Plaza,Apt 693,Không,Laos,
911,613,5772 Superior Parkway,Apt 969,Conde,Portugal,4815-019
912,804,2 Trailsway Court,,Nishinoomote,Japan,891-3101
913,162,166 Tony Pass,,Liangzeng,China,
914,305,47 Sundown Park,,Elvas,Portugal,7350-005
915,323,841 Schlimgen Alley,,Ijuí,Brazil,98700-000
916,675,10 Graceland Court,,Moengo,Suriname,
917,106,251 Vermont Hill,,Angan,Indonesia,
918,636,203 Carberry Pass,,Lesnikovo,Russia,641754
919,267,4 Hermina Plaza,,Jiujie,China,
920,617,5510 Fair Oaks Trail,,Mistřice,Czech Republic,687 12
921,911,87708 Gina Alley,,Stockholm,Sweden,111 61
922,211,205 Cordelia Trail,,Semanding Barat,Indonesia,
923,687,8892 Carpenter Place,,Storuman,Sweden,923 24
924,421,623 Messerschmidt Junction,,Enschede,Netherlands,7534
925,655,37913 Monument Court,,Humpolec,Czech Republic,342 01
926,574,21362 Sloan Plaza,PO Box 92376,Lümeng,China,
927,820,91132 Mesta Hill,,El Carmen,Mexico,54927
928,853,38541 Becker Parkway,,Gwanda,Zimbabwe,
929,493,44 Tennyson Trail,,Leskolovo,Russia,188668
930,676,7 Anzinger Way,,Henglin,China,
931,522,65 Green Place,,Hitiaa,French Polynesia,
932,10,0088 Porter Pass,,Balneário Camboriú,Brazil,88330-000
933,231,676 Pine View Road,,Stockholm,Sweden,100 52
934,976,999 Bartillon Junction,,Capacmarca,Peru,
935,991,818 Rusk Alley,,Bontoc,Philippines,6604
936,74,01593 Monica Circle,,Wengang,China,
937,469,8 Coolidge Drive,PO Box 70499,Leon,Spain,24193
938,542,22811 Sheridan Junction,,Jiaze,China,
939,943,0703 Vernon Street,,Madrid,Spain,28045
940,48,33 Crest Line Hill,,Xingxi,China,
941,809,44085 Anhalt Alley,,Omaha,United States,68134
942,240,68 Farragut Plaza,,Ekibastuz,Kazakhstan,
943,357,4 Bluestem Terrace,,Gevgelija,Macedonia,1480
944,863,88880 Montana Drive,Suite 100,Yunhe,China,
945,129,93506 Comanche Alley,,Yambol,Bulgaria,8600
946,642,6574 Schiller Point,,Datar,Indonesia,
947,928,90 Marquette Way,,Chardonnière,Haiti,
948,487,1572 Vermont Road,,Novomykolayivka,Ukraine,
949,394,00331 Bowman Trail,,Sison,Philippines,8404
950,157,85508 Division Park,,Kunčina,Czech Republic,569 24
951,874,74 Clyde Gallagher Point,,Tanjung,Indonesia,
952,724,7654 Kropf Lane,Apt 871,Huanshan,China,
953,80,24 Corry Crossing,,Kuala Terengganu,Malaysia,20630
954,83,31488 Bashford Junction,,Barreiros,Brazil,55560-000
955,646,774 Gulseth Crossing,,Warung Wetan,Indonesia,
956,370,6299 Butterfield Trail,,Floreşti,Moldova,MD-5040
957,355,4 Russell Park,,Goundi,Chad,
958,139,644 Harper Trail,,Laban,Indonesia,
959,290,78 Comanche Junction,,Oyabe,Japan,932-0056
960,770,21 Oneill Parkway,Suite 86,Guanqing,China,
961,477,56 Bluejay Court,,Thị Trấn Ngọc Lặc,Vietnam,
962,651,624 Del Sol Parkway,,Cabinda,Angola,
963,386,0517 Trailsway Junction,,Yitang,China,
964,919,3462 Esch Alley,,Andrushivka,Ukraine,
965,354,5 Northview Place,,Krajan,Indonesia,
966,67,19 Jana Way,,Pilcaniyeu,Argentina,8412
967,247,50 Dwight Point,,Musashino,Japan,369-1241
968,695,1668 Lotheville Trail,,Piaski,Poland,63-820
969,909,55 Warbler Street,,Shushary,Russia,196626
970,664,8694 Mosinee Lane,,Vale de Figueira,Portugal,2695-584
971,421,977 Meadow Valley Pass,,Seputih,Indonesia,
972,923,019 Pepper Wood Center,,Fontaínhas,Portugal,2300-174
973,852,8637 Ruskin Place,,Elias Fausto,Brazil,13350-000
974,174,8346 Green Ridge Pass,Apt 1662,Mendi,Papua New Guinea,
975,388,8 Corscot Park,,Wyszków,Poland,07-202
976,777,8 Fuller Street,Room 1709,Matsubase,Japan,869-0502
977,90,63934 Corscot Plaza,,Aţ Ţurrah,Jordan,
978,957,1973 Fisk Drive,,Ximapo,China,
979,585,8 Dahle Court,,Shahe,China,
980,108,63 Bluestem Court,Room 1290,Moycullen,Ireland,A41
981,888,47 John Wall Point,,Kozyatyn,Ukraine,
982,7,81729 Moose Court,,Creighton,South Africa,3263
983,641,5630 Sunfield Way,,Xinbu,China,
984,619,03487 Mariners Cove Place,,Jiuhu,China,
985,697,42533 Bay Court,,Shishan,China,
986,391,68 Crescent Oaks Avenue,,Uummannaq,Greenland,3961
987,921,053 Schurz Avenue,,Xiaodukou,China,
988,986,1 Meadow Valley Drive,,Gabahan,Indonesia,
989,337,4417 Holy Cross Center,,Canton,United States,44710
990,738,26277 Barnett Parkway,,Makarov,Russia,694903
991,850,36 Mitchell Circle,,Yanwang,China,
992,148,84 Towne Center,,Rayevskaya,Russia,353983
993,398,50 Miller Point,,Pandan,Philippines,5712
994,470,174 Manufacturers Plaza,,Palue,Indonesia,
995,761,665 Loeprich Street,PO Box 47605,Mairiporã,Brazil,07600-000
996,670,6 Walton Court,,Huozhuangzi,China,
997,764,29872 Reinke Hill,,Guardizela,Portugal,4765-405
998,175,29 Nova Parkway,,Ngamba,Indonesia,
999,494,47 Mallory Road,Apt 1488,Gastoúni,Greece,
1000,431,401 Sherman Lane,,Vitoria-Gasteiz,Spain,01010
