product_id,product_name,product_description,unit_price,is_active
1,Cheese - Shred Cheddar / Mozza,This is a description about Cheese - Shred Cheddar / Mozza,78,false
2,"Soup - Beef Conomme, Dry","This is a description about Soup - Beef Conomme, Dry",23,false
3,Pear - Packum,This is a description about Pear - Packum,33,true
4,Snapple - Iced Tea Peach,This is a description about Snapple - Iced Tea Peach,58,true
5,Coriander - Seed,This is a description about Coriander - Seed,68,true
6,"Veal - Leg, Provimi - 50 Lb Max","This is a description about Veal - Leg, Provimi - 50 Lb Max",98,true
7,Longos - Greek Salad,This is a description about Longos - Greek Salad,10,false
8,"Bread - Roll, Italian","This is a description about Bread - Roll, Italian",52,true
9,Milkettes - 2%,This is a description about Milkettes - 2%,38,true
10,Coffee - Egg Nog Capuccino,This is a description about Coffee - Egg Nog Capuccino,83,false
11,Mushroom - King Eryingii,This is a description about Mushroom - King Eryingii,93,false
12,Buffalo - Short Rib Fresh,This is a description about Buffalo - Short Rib Fresh,69,true
13,Persimmons,This is a description about Persimmons,30,false
14,Cornstarch,This is a description about Cornstarch,16,false
15,Coffee - Flavoured,This is a description about Coffee - Flavoured,46,true
16,"Nut - Almond, Blanched, Sliced","This is a description about Nut - Almond, Blanched, Sliced",48,true
17,Vinegar - Tarragon,This is a description about Vinegar - Tarragon,89,false
18,Wine - Chardonnay South,This is a description about Wine - Chardonnay South,15,true
19,Juice - Lagoon Mango,This is a description about Juice - Lagoon Mango,15,false
20,Sauce - Demi Glace,This is a description about Sauce - Demi Glace,78,true
21,"Chilli Paste, Sambal Oelek","This is a description about Chilli Paste, Sambal Oelek",50,false
22,"Cheese - Brie, Triple Creme","This is a description about Cheese - Brie, Triple Creme",100,false
23,Bagel - Everything Presliced,This is a description about Bagel - Everything Presliced,87,true
24,Oneshot Automatic Soap System,This is a description about Oneshot Automatic Soap System,51,true
25,Beef Ground Medium,This is a description about Beef Ground Medium,18,true
26,Beef - Diced,This is a description about Beef - Diced,87,true
27,Sauce - Plum,This is a description about Sauce - Plum,72,false
28,Bread - Multigrain Oval,This is a description about Bread - Multigrain Oval,17,true
29,"Iced Tea - Lemon, 340ml","This is a description about Iced Tea - Lemon, 340ml",70,false
30,Onions - Vidalia,This is a description about Onions - Vidalia,47,false
31,Pineapple - Regular,This is a description about Pineapple - Regular,61,false
32,Pie Box - Cello Window 2.5,This is a description about Pie Box - Cello Window 2.5,35,true
33,Cafe Royale,This is a description about Cafe Royale,12,false
34,Celery,This is a description about Celery,75,false
35,Hand Towel,This is a description about Hand Towel,92,false
36,Eggs - Extra Large,This is a description about Eggs - Extra Large,50,false
37,Country Roll,This is a description about Country Roll,31,false
38,"Nut - Cashews, Whole, Raw","This is a description about Nut - Cashews, Whole, Raw",57,true
39,Capicola - Hot,This is a description about Capicola - Hot,11,true
40,Spinach - Spinach Leaf,This is a description about Spinach - Spinach Leaf,89,false
41,Lettuce - Treviso,This is a description about Lettuce - Treviso,39,false
42,Wine - Clavet Saint Emilion,This is a description about Wine - Clavet Saint Emilion,70,true
43,Shark - Loin,This is a description about Shark - Loin,34,false
44,Pepper - Scotch Bonnet,This is a description about Pepper - Scotch Bonnet,69,false
45,Breakfast Quesadillas,This is a description about Breakfast Quesadillas,42,true
46,Eggroll,This is a description about Eggroll,92,false
47,Galliano,This is a description about Galliano,74,true
48,Glass Clear 8 Oz,This is a description about Glass Clear 8 Oz,79,false
49,Muffin Hinge - 211n,This is a description about Muffin Hinge - 211n,88,true
50,V8 - Vegetable Cocktail,This is a description about V8 - Vegetable Cocktail,56,true
51,Wine - Magnotta - Cab Sauv,This is a description about Wine - Magnotta - Cab Sauv,71,true
52,Fudge - Cream Fudge,This is a description about Fudge - Cream Fudge,15,false
53,Oil - Shortening - All - Purpose,This is a description about Oil - Shortening - All - Purpose,51,false
54,Steel Wool,This is a description about Steel Wool,48,false
55,Wine - Tribal Sauvignon,This is a description about Wine - Tribal Sauvignon,58,true
56,"Bread - Dark Rye, Loaf","This is a description about Bread - Dark Rye, Loaf",60,false
57,Beef - Tenderloin - Aa,This is a description about Beef - Tenderloin - Aa,25,true
58,Wakami Seaweed,This is a description about Wakami Seaweed,54,true
59,Scallops - 10/20,This is a description about Scallops - 10/20,97,true
60,Tarragon - Fresh,This is a description about Tarragon - Fresh,91,true
61,Gherkin - Sour,This is a description about Gherkin - Sour,70,false
62,Oil - Pumpkinseed,This is a description about Oil - Pumpkinseed,72,false
63,Wine - Spumante Bambino White,This is a description about Wine - Spumante Bambino White,35,true
64,"Tart Shells - Savory, 4","This is a description about Tart Shells - Savory, 4",45,false
65,Bread - Olive,This is a description about Bread - Olive,48,false
66,Red Cod Fillets - 225g,This is a description about Red Cod Fillets - 225g,38,true
67,Tea - Herbal I Love Lemon,This is a description about Tea - Herbal I Love Lemon,99,false
68,"Coke - Diet, 355 Ml","This is a description about Coke - Diet, 355 Ml",32,false
69,"Dill - Primerba, Paste","This is a description about Dill - Primerba, Paste",28,true
70,Pork - Shoulder,This is a description about Pork - Shoulder,13,true
71,Dried Apple,This is a description about Dried Apple,78,false
72,Beef - Inside Round,This is a description about Beef - Inside Round,50,false
73,"Water - Mineral, Carbonated","This is a description about Water - Mineral, Carbonated",65,false
74,Pancetta,This is a description about Pancetta,63,false
75,"Rice Pilaf, Dry,package","This is a description about Rice Pilaf, Dry,package",85,true
76,"Bar Mix - Pina Colada, 355 Ml","This is a description about Bar Mix - Pina Colada, 355 Ml",24,true
77,Anchovy Paste - 56 G Tube,This is a description about Anchovy Paste - 56 G Tube,69,true
78,Extract - Almond,This is a description about Extract - Almond,75,true
79,Schnappes Peppermint - Walker,This is a description about Schnappes Peppermint - Walker,85,false
80,"Pepper - Black, Whole","This is a description about Pepper - Black, Whole",54,false
81,"Cup - 3.5oz, Foam","This is a description about Cup - 3.5oz, Foam",61,true
82,Nut - Pumpkin Seeds,This is a description about Nut - Pumpkin Seeds,74,false
83,"Sole - Dover, Whole, Fresh","This is a description about Sole - Dover, Whole, Fresh",11,false
84,Coffee Beans - Chocolate,This is a description about Coffee Beans - Chocolate,87,true
85,Sauce - Chili,This is a description about Sauce - Chili,35,false
86,Coffee - Cafe Moreno,This is a description about Coffee - Cafe Moreno,96,true
87,Tilapia - Fillets,This is a description about Tilapia - Fillets,60,true
88,Sauce - Caesar Dressing,This is a description about Sauce - Caesar Dressing,88,false
89,Lobster - Base,This is a description about Lobster - Base,37,true
90,Pork - Back Ribs,This is a description about Pork - Back Ribs,69,false
91,Wine - Vouvray Cuvee Domaine,This is a description about Wine - Vouvray Cuvee Domaine,11,false
92,"Juice - Apple, 341 Ml","This is a description about Juice - Apple, 341 Ml",15,true
93,Dill Weed - Fresh,This is a description about Dill Weed - Fresh,53,false
94,Plate Pie Foil,This is a description about Plate Pie Foil,11,false
95,Bar Bran Honey Nut,This is a description about Bar Bran Honey Nut,47,true
96,"Bread - Roll, Canadian Dinner","This is a description about Bread - Roll, Canadian Dinner",54,false
97,Cheese - Montery Jack,This is a description about Cheese - Montery Jack,84,false
98,Bagel - Ched Chs Presliced,This is a description about Bagel - Ched Chs Presliced,99,true
99,Tuna - Fresh,This is a description about Tuna - Fresh,93,true
100,Wine - Riesling Dr. Pauly,This is a description about Wine - Riesling Dr. Pauly,36,false
101,Wine - Dubouef Macon - Villages,This is a description about Wine - Dubouef Macon - Villages,24,true
102,"Potatoes - Yukon Gold, 80 Ct","This is a description about Potatoes - Yukon Gold, 80 Ct",89,true
103,Sour Puss - Tangerine,This is a description about Sour Puss - Tangerine,32,false
104,Oil - Grapeseed Oil,This is a description about Oil - Grapeseed Oil,16,false
105,Cookies - Englishbay Oatmeal,This is a description about Cookies - Englishbay Oatmeal,77,true
106,Beef - Short Loin,This is a description about Beef - Short Loin,17,false
107,Beef - Montreal Smoked Brisket,This is a description about Beef - Montreal Smoked Brisket,9,false
108,Tart - Raisin And Pecan,This is a description about Tart - Raisin And Pecan,8,true
109,Pepper - Cayenne,This is a description about Pepper - Cayenne,40,false
110,Wine - Black Tower Qr,This is a description about Wine - Black Tower Qr,50,true
111,Energy Drink - Franks Original,This is a description about Energy Drink - Franks Original,73,false
112,"Soup - Campbells, Butternut","This is a description about Soup - Campbells, Butternut",72,true
113,"Bread - Sticks, Thin, Plain","This is a description about Bread - Sticks, Thin, Plain",35,true
114,Turkey - Ground. Lean,This is a description about Turkey - Ground. Lean,75,false
115,Bread - Corn Muffaletta,This is a description about Bread - Corn Muffaletta,8,true
116,Cheese - Blue,This is a description about Cheese - Blue,15,true
117,Squid U5 - Thailand,This is a description about Squid U5 - Thailand,37,true
118,Red Currants,This is a description about Red Currants,86,false
119,Paper Towel Touchless,This is a description about Paper Towel Touchless,42,true
120,Cake - French Pear Tart,This is a description about Cake - French Pear Tart,43,true
121,Muffin Hinge Container 6,This is a description about Muffin Hinge Container 6,17,true
122,Cookies - Englishbay Chochip,This is a description about Cookies - Englishbay Chochip,56,false
123,"Basil - Dry, Rubbed","This is a description about Basil - Dry, Rubbed",65,true
124,Beef - Shank,This is a description about Beef - Shank,51,false
125,Greens Mustard,This is a description about Greens Mustard,61,false
126,Wine - Jaboulet Cotes Du Rhone,This is a description about Wine - Jaboulet Cotes Du Rhone,62,true
127,"Lemonade - Natural, 591 Ml","This is a description about Lemonade - Natural, 591 Ml",77,true
128,"Juice - Pineapple, 341 Ml","This is a description about Juice - Pineapple, 341 Ml",37,false
129,Squeeze Bottle,This is a description about Squeeze Bottle,100,false
130,Wine - Niagara Peninsula Vqa,This is a description about Wine - Niagara Peninsula Vqa,43,true
131,Cookie Trail Mix,This is a description about Cookie Trail Mix,12,true
132,Chip - Potato Dill Pickle,This is a description about Chip - Potato Dill Pickle,54,true
133,Apples - Sliced / Wedge,This is a description about Apples - Sliced / Wedge,62,true
134,Muffin Carrot - Individual,This is a description about Muffin Carrot - Individual,12,false
135,Chocolate - Mi - Amere Semi,This is a description about Chocolate - Mi - Amere Semi,14,true
136,Smirnoff Green Apple Twist,This is a description about Smirnoff Green Apple Twist,10,false
137,Chicken - Ground,This is a description about Chicken - Ground,8,false
138,Nantucket - Orange Mango Cktl,This is a description about Nantucket - Orange Mango Cktl,85,true
139,Bacardi Breezer - Tropical,This is a description about Bacardi Breezer - Tropical,57,false
140,Longos - Lasagna Veg,This is a description about Longos - Lasagna Veg,97,true
141,Juice - Ocean Spray Cranberry,This is a description about Juice - Ocean Spray Cranberry,25,true
142,"Jam - Marmalade, Orange","This is a description about Jam - Marmalade, Orange",16,true
143,Scallops - U - 10,This is a description about Scallops - U - 10,70,true
144,Tuna - Salad Premix,This is a description about Tuna - Salad Premix,39,false
145,Chocolate Bar - Coffee Crisp,This is a description about Chocolate Bar - Coffee Crisp,48,true
146,Pomello,This is a description about Pomello,73,true
147,Water Chestnut - Canned,This is a description about Water Chestnut - Canned,75,false
148,"Coffee - Beans, Whole","This is a description about Coffee - Beans, Whole",100,true
149,"Carrots - Mini, Stem On","This is a description about Carrots - Mini, Stem On",58,false
150,Appetizer - Sausage Rolls,This is a description about Appetizer - Sausage Rolls,41,false
151,Turkey Leg With Drum And Thigh,This is a description about Turkey Leg With Drum And Thigh,10,false
152,Cheese - Grana Padano,This is a description about Cheese - Grana Padano,32,false
153,Cornstarch,This is a description about Cornstarch,50,false
154,Lettuce - Green Leaf,This is a description about Lettuce - Green Leaf,31,false
155,Bag - Clear 7 Lb,This is a description about Bag - Clear 7 Lb,96,false
156,Sardines,This is a description about Sardines,40,true
157,"Wine - Red, Antinori Santa","This is a description about Wine - Red, Antinori Santa",84,false
158,Strawberries,This is a description about Strawberries,13,true
159,Wine - Magnotta - Cab Franc,This is a description about Wine - Magnotta - Cab Franc,86,true
160,Nut - Macadamia,This is a description about Nut - Macadamia,98,true
161,Beef - Striploin,This is a description about Beef - Striploin,66,false
162,Garlic - Elephant,This is a description about Garlic - Elephant,44,false
163,Pastry - Banana Tea Loaf,This is a description about Pastry - Banana Tea Loaf,50,true
164,Sobe - Tropical Energy,This is a description about Sobe - Tropical Energy,44,true
165,"Mushroom - Enoki, Dry","This is a description about Mushroom - Enoki, Dry",35,false
166,"Dill - Primerba, Paste","This is a description about Dill - Primerba, Paste",53,false
167,"Bread - Roll, Calabrese","This is a description about Bread - Roll, Calabrese",91,false
168,Pork Loin Bine - In Frenched,This is a description about Pork Loin Bine - In Frenched,24,false
169,Sea Urchin,This is a description about Sea Urchin,16,false
170,Contreau,This is a description about Contreau,36,false
171,"Beets - Candy Cane, Organic","This is a description about Beets - Candy Cane, Organic",71,false
172,Gatorade - Orange,This is a description about Gatorade - Orange,30,false
173,Muffin Batt - Choc Chk,This is a description about Muffin Batt - Choc Chk,68,true
174,Loquat,This is a description about Loquat,32,false
175,Fenngreek Seed,This is a description about Fenngreek Seed,87,false
176,Coffee - Egg Nog Capuccino,This is a description about Coffee - Egg Nog Capuccino,79,false
177,Ecolab - Hobart Upr Prewash Arm,This is a description about Ecolab - Hobart Upr Prewash Arm,90,false
178,Danishes - Mini Cheese,This is a description about Danishes - Mini Cheese,14,false
179,Hipnotiq Liquor,This is a description about Hipnotiq Liquor,44,true
180,Muffin Mix - Blueberry,This is a description about Muffin Mix - Blueberry,5,false
181,Truffle Shells - Semi - Sweet,This is a description about Truffle Shells - Semi - Sweet,67,true
182,Gatorade - Fruit Punch,This is a description about Gatorade - Fruit Punch,86,false
183,Cream - 10%,This is a description about Cream - 10%,18,true
184,Ezy Change Mophandle,This is a description about Ezy Change Mophandle,31,true
185,Kippers - Smoked,This is a description about Kippers - Smoked,73,true
186,Pork - Ground,This is a description about Pork - Ground,73,true
187,Lobster - Cooked,This is a description about Lobster - Cooked,89,true
188,Chocolate - Feathers,This is a description about Chocolate - Feathers,64,false
189,Dawn Professionl Pot And Pan,This is a description about Dawn Professionl Pot And Pan,98,true
190,"Stock - Veal, Brown","This is a description about Stock - Veal, Brown",32,true
191,Bagelers,This is a description about Bagelers,44,false
192,Bouq All Italian - Primerba,This is a description about Bouq All Italian - Primerba,87,false
193,Spice - Onion Powder Granulated,This is a description about Spice - Onion Powder Granulated,60,false
194,Bread - White Mini Epi,This is a description about Bread - White Mini Epi,47,false
195,Table Cloth - 53x69 Colour,This is a description about Table Cloth - 53x69 Colour,22,true
196,Coffee Cup 8oz 5338cd,This is a description about Coffee Cup 8oz 5338cd,88,true
197,Cake - Dulce De Leche,This is a description about Cake - Dulce De Leche,44,false
198,Flour - Teff,This is a description about Flour - Teff,59,false
199,"Pasta - Fett Alfredo, Single Serve","This is a description about Pasta - Fett Alfredo, Single Serve",79,true
200,"Pepper - Julienne, Frozen","This is a description about Pepper - Julienne, Frozen",81,true
201,Cabbage - Green,This is a description about Cabbage - Green,19,false
202,"Bread - Roll, Calabrese","This is a description about Bread - Roll, Calabrese",37,false
203,Potatoes - Idaho 100 Count,This is a description about Potatoes - Idaho 100 Count,73,false
204,Food Colouring - Blue,This is a description about Food Colouring - Blue,81,false
205,Pecan Raisin - Tarts,This is a description about Pecan Raisin - Tarts,15,true
206,Cookie Chocolate Chip With,This is a description about Cookie Chocolate Chip With,75,true
207,Lamb - Ground,This is a description about Lamb - Ground,20,true
208,"Lettuce - Mini Greens, Whole","This is a description about Lettuce - Mini Greens, Whole",48,true
209,Bread - Italian Roll With Herbs,This is a description about Bread - Italian Roll With Herbs,37,true
210,"Wine - White, Ej Gallo","This is a description about Wine - White, Ej Gallo",57,false
211,Pepper - Gypsy Pepper,This is a description about Pepper - Gypsy Pepper,91,false
212,Bread - Malt,This is a description about Bread - Malt,71,true
213,"Turkey - Breast, Boneless Sk On","This is a description about Turkey - Breast, Boneless Sk On",69,true
214,"Flour - Corn, Fine","This is a description about Flour - Corn, Fine",93,true
215,Compound - Pear,This is a description about Compound - Pear,50,true
216,Wine - Redchard Merritt,This is a description about Wine - Redchard Merritt,54,false
217,"Wine - Red, Gamay Noir","This is a description about Wine - Red, Gamay Noir",27,false
218,"Chilli Paste, Sambal Oelek","This is a description about Chilli Paste, Sambal Oelek",82,false
219,Cheese - Asiago,This is a description about Cheese - Asiago,63,false
220,Bread - Corn Muffaletta,This is a description about Bread - Corn Muffaletta,52,false
221,Glycerine,This is a description about Glycerine,26,true
222,"Pepsi - Diet, 355 Ml","This is a description about Pepsi - Diet, 355 Ml",64,false
223,Bar Bran Honey Nut,This is a description about Bar Bran Honey Nut,16,true
224,Chickhen - Chicken Phyllo,This is a description about Chickhen - Chicken Phyllo,13,true
225,Garbage Bags - Black,This is a description about Garbage Bags - Black,85,true
226,Veal - Osso Bucco,This is a description about Veal - Osso Bucco,23,false
227,Milkettes - 2%,This is a description about Milkettes - 2%,46,false
228,Grapefruit - Pink,This is a description about Grapefruit - Pink,7,true
229,"Lamb - Shoulder, Boneless","This is a description about Lamb - Shoulder, Boneless",22,true
230,Mix - Cocktail Ice Cream,This is a description about Mix - Cocktail Ice Cream,68,false
231,"Beans - Long, Chinese","This is a description about Beans - Long, Chinese",29,false
232,Veal - Leg,This is a description about Veal - Leg,58,false
233,Eel - Smoked,This is a description about Eel - Smoked,19,false
234,"Cup - 3.5oz, Foam","This is a description about Cup - 3.5oz, Foam",71,true
235,"Asparagus - Green, Fresh","This is a description about Asparagus - Green, Fresh",55,false
236,Beef - Cow Feet Split,This is a description about Beef - Cow Feet Split,30,true
237,Wine - Casablanca Valley,This is a description about Wine - Casablanca Valley,27,false
238,Crab - Meat Combo,This is a description about Crab - Meat Combo,96,true
239,Appetizer - Shrimp Puff,This is a description about Appetizer - Shrimp Puff,64,false
240,Capicola - Hot,This is a description about Capicola - Hot,88,true
241,Pork - Liver,This is a description about Pork - Liver,77,true
242,"Pepper - Black, Ground","This is a description about Pepper - Black, Ground",16,true
243,Pur Source,This is a description about Pur Source,30,false
244,Wine - Cotes Du Rhone,This is a description about Wine - Cotes Du Rhone,100,false
245,Tart - Pecan Butter Squares,This is a description about Tart - Pecan Butter Squares,38,true
246,Bar - Granola Trail Mix Fruit Nut,This is a description about Bar - Granola Trail Mix Fruit Nut,38,false
247,"Red Snapper - Fillet, Skin On","This is a description about Red Snapper - Fillet, Skin On",32,true
248,White Baguette,This is a description about White Baguette,47,false
249,"Water - Mineral, Natural","This is a description about Water - Mineral, Natural",9,true
250,Cheese - Ermite Bleu,This is a description about Cheese - Ermite Bleu,62,true
251,Tea - English Breakfast,This is a description about Tea - English Breakfast,62,true
252,Gatorade - Cool Blue Raspberry,This is a description about Gatorade - Cool Blue Raspberry,68,true
253,Beer - Sleeman Fine Porter,This is a description about Beer - Sleeman Fine Porter,7,true
254,Mushroom - Chanterelle Frozen,This is a description about Mushroom - Chanterelle Frozen,27,true
255,Potato - Sweet,This is a description about Potato - Sweet,52,true
256,Containter - 3oz Microwave Rect.,This is a description about Containter - 3oz Microwave Rect.,47,false
257,Muffin Hinge - 211n,This is a description about Muffin Hinge - 211n,89,true
258,Coffee - Frthy Coffee Crisp,This is a description about Coffee - Frthy Coffee Crisp,93,false
259,Spic And Span All Purpose,This is a description about Spic And Span All Purpose,59,false
260,Beer - Steamwhistle,This is a description about Beer - Steamwhistle,39,false
261,Salt - Table,This is a description about Salt - Table,30,false
262,Jolt Cola - Red Eye,This is a description about Jolt Cola - Red Eye,98,false
263,"Vermacelli - Sprinkles, Assorted","This is a description about Vermacelli - Sprinkles, Assorted",60,true
264,Pastry - Apple Large,This is a description about Pastry - Apple Large,64,false
265,Tomatoes,This is a description about Tomatoes,77,true
266,"Chocolate - Pistoles, Lactee, Milk","This is a description about Chocolate - Pistoles, Lactee, Milk",87,true
267,Longan,This is a description about Longan,43,false
268,Coconut - Whole,This is a description about Coconut - Whole,27,true
269,Soup - Chicken And Wild Rice,This is a description about Soup - Chicken And Wild Rice,11,true
270,Wine - Saint Emilion Calvet,This is a description about Wine - Saint Emilion Calvet,56,true
271,"Fish - Artic Char, Cold Smoked","This is a description about Fish - Artic Char, Cold Smoked",9,true
272,Sping Loaded Cup Dispenser,This is a description about Sping Loaded Cup Dispenser,29,false
273,"Wine - Red, Gamay Noir","This is a description about Wine - Red, Gamay Noir",18,true
274,Salt - Kosher,This is a description about Salt - Kosher,48,false
275,Jack Daniels,This is a description about Jack Daniels,66,true
276,Gooseberry,This is a description about Gooseberry,91,true
277,Muffins - Assorted,This is a description about Muffins - Assorted,86,false
278,Jam - Raspberry,This is a description about Jam - Raspberry,91,true
279,Cup - Paper 10oz 92959,This is a description about Cup - Paper 10oz 92959,7,false
280,Tea Peppermint,This is a description about Tea Peppermint,27,true
281,Mints - Striped Red,This is a description about Mints - Striped Red,93,true
282,Sword Pick Asst,This is a description about Sword Pick Asst,92,false
283,Asparagus - Mexican,This is a description about Asparagus - Mexican,52,false
284,Lettuce - Romaine,This is a description about Lettuce - Romaine,89,false
285,Steam Pan Full Lid,This is a description about Steam Pan Full Lid,88,true
286,"Lentils - Green, Dry","This is a description about Lentils - Green, Dry",59,true
287,Lemon Tarts,This is a description about Lemon Tarts,39,false
288,Lentils - Green Le Puy,This is a description about Lentils - Green Le Puy,25,false
289,"Nut - Hazelnut, Ground, Natural","This is a description about Nut - Hazelnut, Ground, Natural",87,true
290,Sugar - Brown,This is a description about Sugar - Brown,48,true
291,Carbonated Water - Blackberry,This is a description about Carbonated Water - Blackberry,47,true
292,Soupfoamcont12oz 112con,This is a description about Soupfoamcont12oz 112con,46,false
293,Sponge Cake Mix - Chocolate,This is a description about Sponge Cake Mix - Chocolate,79,true
294,Asparagus - Frozen,This is a description about Asparagus - Frozen,49,true
295,Muffin Mix - Lemon Cranberry,This is a description about Muffin Mix - Lemon Cranberry,54,true
296,Lemon Balm - Fresh,This is a description about Lemon Balm - Fresh,12,false
297,Currants,This is a description about Currants,26,true
298,Foil Wrap,This is a description about Foil Wrap,34,false
299,Truffle Cups - Red,This is a description about Truffle Cups - Red,63,false
300,Coriander - Seed,This is a description about Coriander - Seed,30,false
301,Mix - Cocktail Strawberry Daiquiri,This is a description about Mix - Cocktail Strawberry Daiquiri,93,true
302,Clams - Bay,This is a description about Clams - Bay,90,false
303,Wine - Barbera Alba Doc 2001,This is a description about Wine - Barbera Alba Doc 2001,33,false
304,Wine - Riesling Alsace Ac 2001,This is a description about Wine - Riesling Alsace Ac 2001,76,false
305,Pastry - Lemon Danish - Mini,This is a description about Pastry - Lemon Danish - Mini,53,false
306,Pomegranates,This is a description about Pomegranates,84,false
307,Coffee Guatemala Dark,This is a description about Coffee Guatemala Dark,6,true
308,Lettuce - Curly Endive,This is a description about Lettuce - Curly Endive,13,false
309,Ice Cream - Vanilla,This is a description about Ice Cream - Vanilla,47,false
310,"Crab - Claws, 26 - 30","This is a description about Crab - Claws, 26 - 30",57,true
311,Carbonated Water - White Grape,This is a description about Carbonated Water - White Grape,27,true
312,Cotton Wet Mop 16 Oz,This is a description about Cotton Wet Mop 16 Oz,68,true
313,Mortadella,This is a description about Mortadella,50,false
314,Bread Fig And Almond,This is a description about Bread Fig And Almond,23,false
315,Jicama,This is a description about Jicama,21,false
316,Oil - Sunflower,This is a description about Oil - Sunflower,28,true
317,Oil - Canola,This is a description about Oil - Canola,5,true
318,Vinegar - Raspberry,This is a description about Vinegar - Raspberry,39,false
319,Cheese - Perron Cheddar,This is a description about Cheese - Perron Cheddar,84,false
320,Bacon Strip Precooked,This is a description about Bacon Strip Precooked,25,true
321,Compound - Pear,This is a description about Compound - Pear,97,false
322,Myers Planters Punch,This is a description about Myers Planters Punch,14,false
323,Spinach - Spinach Leaf,This is a description about Spinach - Spinach Leaf,42,true
324,Sauce - Chili,This is a description about Sauce - Chili,81,false
325,Container - Clear 32 Oz,This is a description about Container - Clear 32 Oz,17,true
326,"Juice - Pineapple, 341 Ml","This is a description about Juice - Pineapple, 341 Ml",90,false
327,Juice - Cranberry 284ml,This is a description about Juice - Cranberry 284ml,29,false
328,Mushroom - White Button,This is a description about Mushroom - White Button,76,false
329,Chocolate Bar - Reese Pieces,This is a description about Chocolate Bar - Reese Pieces,75,true
330,Ocean Spray - Kiwi Strawberry,This is a description about Ocean Spray - Kiwi Strawberry,91,true
331,"Soup - French Onion, Dry","This is a description about Soup - French Onion, Dry",91,true
332,Fondant - Icing,This is a description about Fondant - Icing,40,false
333,Beer - Corona,This is a description about Beer - Corona,92,false
334,Vinegar - Raspberry,This is a description about Vinegar - Raspberry,7,true
335,Cheese - St. Andre,This is a description about Cheese - St. Andre,12,true
336,"Syrup - Monin, Amaretta","This is a description about Syrup - Monin, Amaretta",40,true
337,Sausage - Chorizo,This is a description about Sausage - Chorizo,83,false
338,"Loaf Pan - 2 Lb, Foil","This is a description about Loaf Pan - 2 Lb, Foil",61,true
339,Food Colouring - Blue,This is a description about Food Colouring - Blue,50,false
340,Flower - Commercial Bronze,This is a description about Flower - Commercial Bronze,68,false
341,Juice - V8 Splash,This is a description about Juice - V8 Splash,100,false
342,Island Oasis - Pina Colada,This is a description about Island Oasis - Pina Colada,34,false
343,Ecolab - Hobart Washarm End Cap,This is a description about Ecolab - Hobart Washarm End Cap,35,false
344,Sausage - Blood Pudding,This is a description about Sausage - Blood Pudding,36,false
345,Soup - Tomato Mush. Florentine,This is a description about Soup - Tomato Mush. Florentine,38,true
346,Pepper - Red Thai,This is a description about Pepper - Red Thai,64,true
347,"Placemat - Scallop, White","This is a description about Placemat - Scallop, White",88,true
348,Cardamon Seed / Pod,This is a description about Cardamon Seed / Pod,99,false
349,"Pork - Loin, Boneless","This is a description about Pork - Loin, Boneless",81,true
350,Soup - Base Broth Beef,This is a description about Soup - Base Broth Beef,26,false
351,"Chilli Paste, Sambal Oelek","This is a description about Chilli Paste, Sambal Oelek",75,false
352,Creme De Menthe Green,This is a description about Creme De Menthe Green,64,false
353,"Wine - Niagara,vqa Reisling","This is a description about Wine - Niagara,vqa Reisling",12,true
354,Haggis,This is a description about Haggis,71,false
355,Ecolab - Power Fusion,This is a description about Ecolab - Power Fusion,72,false
356,"Pasta - Orzo, Dry","This is a description about Pasta - Orzo, Dry",69,false
357,Wiberg Super Cure,This is a description about Wiberg Super Cure,25,false
358,Frangelico,This is a description about Frangelico,40,true
359,Breadfruit,This is a description about Breadfruit,44,false
360,Artichokes - Jerusalem,This is a description about Artichokes - Jerusalem,45,false
361,Magnotta Bel Paese Red,This is a description about Magnotta Bel Paese Red,47,true
362,"Coffee - Colombian, Portioned","This is a description about Coffee - Colombian, Portioned",70,true
363,"Wine - Red, Cooking","This is a description about Wine - Red, Cooking",41,true
364,Irish Cream - Baileys,This is a description about Irish Cream - Baileys,99,false
365,Wine - Shiraz South Eastern,This is a description about Wine - Shiraz South Eastern,30,true
366,Cheese - Victor Et Berthold,This is a description about Cheese - Victor Et Berthold,13,true
367,"Mushroom - Chanterelle, Dry","This is a description about Mushroom - Chanterelle, Dry",26,false
368,Swiss Chard - Red,This is a description about Swiss Chard - Red,71,true
369,Instant Coffee,This is a description about Instant Coffee,39,false
370,Coffee - Ristretto Coffee Capsule,This is a description about Coffee - Ristretto Coffee Capsule,35,true
371,Tea - Apple Green Tea,This is a description about Tea - Apple Green Tea,98,true
372,"Yogurt - Peach, 175 Gr","This is a description about Yogurt - Peach, 175 Gr",81,true
373,Carbonated Water - Raspberry,This is a description about Carbonated Water - Raspberry,72,false
374,"Radish - Black, Winter, Organic","This is a description about Radish - Black, Winter, Organic",17,false
375,Sambuca Cream,This is a description about Sambuca Cream,46,false
376,Quail - Jumbo Boneless,This is a description about Quail - Jumbo Boneless,61,true
377,"Coffee - Beans, Whole","This is a description about Coffee - Beans, Whole",22,true
378,Lentils - Green Le Puy,This is a description about Lentils - Green Le Puy,46,true
379,Wine - Cotes Du Rhone,This is a description about Wine - Cotes Du Rhone,51,false
380,"Schnappes - Peach, Walkers","This is a description about Schnappes - Peach, Walkers",85,false
381,Veal - Heart,This is a description about Veal - Heart,81,false
382,Mustard - Seed,This is a description about Mustard - Seed,16,false
383,"Salt - Rock, Course","This is a description about Salt - Rock, Course",79,false
384,Bagels Poppyseed,This is a description about Bagels Poppyseed,50,true
385,Towel Multifold,This is a description about Towel Multifold,24,true
386,Beans - Wax,This is a description about Beans - Wax,56,false
387,Tuna - Salad Premix,This is a description about Tuna - Salad Premix,66,true
388,Longos - Lasagna Veg,This is a description about Longos - Lasagna Veg,61,true
389,Gatorade - Cool Blue Raspberry,This is a description about Gatorade - Cool Blue Raspberry,81,false
390,Heavy Duty Dust Pan,This is a description about Heavy Duty Dust Pan,26,true
391,"Mustard - Dry, Powder","This is a description about Mustard - Dry, Powder",59,false
392,Wine - Red Oakridge Merlot,This is a description about Wine - Red Oakridge Merlot,61,false
393,Oil - Grapeseed Oil,This is a description about Oil - Grapeseed Oil,42,false
394,Trueblue - Blueberry,This is a description about Trueblue - Blueberry,57,true
395,Venison - Liver,This is a description about Venison - Liver,89,false
396,Peach - Fresh,This is a description about Peach - Fresh,61,false
397,"Yogurt - Blueberry, 175 Gr","This is a description about Yogurt - Blueberry, 175 Gr",10,true
398,Shallots,This is a description about Shallots,35,true
399,Oil - Shortening - All - Purpose,This is a description about Oil - Shortening - All - Purpose,73,false
400,Cloves - Whole,This is a description about Cloves - Whole,17,false
401,"Wine - White, Pelee Island","This is a description about Wine - White, Pelee Island",45,false
402,Pepper - Yellow Bell,This is a description about Pepper - Yellow Bell,16,false
403,"Salsify, Organic","This is a description about Salsify, Organic",77,false
404,Tomatoes - Orange,This is a description about Tomatoes - Orange,48,true
405,Guava,This is a description about Guava,22,true
406,Wine - Saint Emilion Calvet,This is a description about Wine - Saint Emilion Calvet,32,false
407,Brandy Cherry - Mcguinness,This is a description about Brandy Cherry - Mcguinness,42,false
408,Lotus Leaves,This is a description about Lotus Leaves,96,true
409,Rolled Oats,This is a description about Rolled Oats,89,true
410,Wine - Chardonnay South,This is a description about Wine - Chardonnay South,7,true
411,Wine - Charddonnay Errazuriz,This is a description about Wine - Charddonnay Errazuriz,12,false
412,Cheese - Ermite Bleu,This is a description about Cheese - Ermite Bleu,78,true
413,Fib N9 - Prague Powder,This is a description about Fib N9 - Prague Powder,84,false
414,Country Roll,This is a description about Country Roll,57,true
415,Cocktail Napkin Blue,This is a description about Cocktail Napkin Blue,26,false
416,Sweet Pea Sprouts,This is a description about Sweet Pea Sprouts,24,false
417,Cardamon Ground,This is a description about Cardamon Ground,17,true
418,Appetizer - Lobster Phyllo Roll,This is a description about Appetizer - Lobster Phyllo Roll,21,true
419,Pastry - Lemon Danish - Mini,This is a description about Pastry - Lemon Danish - Mini,79,true
420,Oven Mitt - 13 Inch,This is a description about Oven Mitt - 13 Inch,31,true
421,Wine - Champagne Brut Veuve,This is a description about Wine - Champagne Brut Veuve,34,true
422,Oil - Sesame,This is a description about Oil - Sesame,62,false
423,Parsnip,This is a description about Parsnip,68,false
424,Macaroons - Homestyle Two Bit,This is a description about Macaroons - Homestyle Two Bit,13,true
425,Isomalt,This is a description about Isomalt,10,false
426,Apple - Fuji,This is a description about Apple - Fuji,59,false
427,Quinoa,This is a description about Quinoa,100,false
428,Spinach - Spinach Leaf,This is a description about Spinach - Spinach Leaf,15,false
429,Mace Ground,This is a description about Mace Ground,12,false
430,Cheese - Sheep Milk,This is a description about Cheese - Sheep Milk,7,false
431,Bread Sour Rolls,This is a description about Bread Sour Rolls,69,true
432,Island Oasis - Peach Daiquiri,This is a description about Island Oasis - Peach Daiquiri,87,true
433,Juice - Prune,This is a description about Juice - Prune,75,false
434,"Cheese - Havarti, Salsa","This is a description about Cheese - Havarti, Salsa",52,true
435,Soup - Campbells - Tomato,This is a description about Soup - Campbells - Tomato,61,false
436,Tofu - Firm,This is a description about Tofu - Firm,100,true
437,Beef - Top Sirloin,This is a description about Beef - Top Sirloin,14,true
438,Mace,This is a description about Mace,90,true
439,Pepper - Chilli Seeds Mild,This is a description about Pepper - Chilli Seeds Mild,91,false
440,"Yogurt - Banana, 175 Gr","This is a description about Yogurt - Banana, 175 Gr",7,true
441,"Iced Tea - Lemon, 340ml","This is a description about Iced Tea - Lemon, 340ml",59,false
442,"Vermouth - White, Cinzano","This is a description about Vermouth - White, Cinzano",47,false
443,"Juice - Tomato, 48 Oz","This is a description about Juice - Tomato, 48 Oz",10,true
444,Gooseberry,This is a description about Gooseberry,62,true
445,Plaintain,This is a description about Plaintain,34,false
446,"Beans - Kidney, Red Dry","This is a description about Beans - Kidney, Red Dry",72,true
447,"Stock - Beef, Brown","This is a description about Stock - Beef, Brown",24,true
448,Bols Melon Liqueur,This is a description about Bols Melon Liqueur,65,false
449,Towels - Paper / Kraft,This is a description about Towels - Paper / Kraft,30,true
450,"Wine - White, Antinore Orvieto","This is a description about Wine - White, Antinore Orvieto",84,false
451,Chocolate Eclairs,This is a description about Chocolate Eclairs,76,false
452,Vodka - Moskovskaya,This is a description about Vodka - Moskovskaya,31,true
453,"Chestnuts - Whole,canned","This is a description about Chestnuts - Whole,canned",30,false
454,"Turkey - Breast, Bone - In","This is a description about Turkey - Breast, Bone - In",54,false
455,Honey - Comb,This is a description about Honey - Comb,70,true
456,"Tart Shells - Sweet, 3","This is a description about Tart Shells - Sweet, 3",40,true
457,"Soda Water - Club Soda, 355 Ml","This is a description about Soda Water - Club Soda, 355 Ml",65,true
458,"Soup - Campbells, Minestrone","This is a description about Soup - Campbells, Minestrone",29,true
459,Bacardi Mojito,This is a description about Bacardi Mojito,100,true
460,Snapple Lemon Tea,This is a description about Snapple Lemon Tea,64,true
461,Wine - George Duboeuf Rose,This is a description about Wine - George Duboeuf Rose,54,false
462,"Chicken - Leg, Fresh","This is a description about Chicken - Leg, Fresh",18,true
463,Pumpkin,This is a description about Pumpkin,48,true
464,Mince Meat - Filling,This is a description about Mince Meat - Filling,83,false
465,Sauce - Caesar Dressing,This is a description about Sauce - Caesar Dressing,58,false
466,Wine - Beringer Founders Estate,This is a description about Wine - Beringer Founders Estate,35,false
467,"Nut - Chestnuts, Whole","This is a description about Nut - Chestnuts, Whole",95,true
468,Cheese - Stilton,This is a description about Cheese - Stilton,89,false
469,Brandy Apricot,This is a description about Brandy Apricot,61,true
470,"Vodka - Hot, Lnferno","This is a description about Vodka - Hot, Lnferno",68,false
471,Silicone Parch. 16.3x24.3,This is a description about Silicone Parch. 16.3x24.3,26,true
472,Wine - Hardys Bankside Shiraz,This is a description about Wine - Hardys Bankside Shiraz,73,false
473,Plasticspoonblack,This is a description about Plasticspoonblack,35,true
474,Beer - Sleemans Cream Ale,This is a description about Beer - Sleemans Cream Ale,33,true
475,Soup - Tomato Mush. Florentine,This is a description about Soup - Tomato Mush. Florentine,45,false
476,Cups 10oz Trans,This is a description about Cups 10oz Trans,15,false
477,Barley - Pearl,This is a description about Barley - Pearl,61,false
478,Salt - Table,This is a description about Salt - Table,67,false
479,"Water - Spring Water, 355 Ml","This is a description about Water - Spring Water, 355 Ml",53,false
480,Langers - Mango Nectar,This is a description about Langers - Mango Nectar,7,true
481,Wine - Chablis J Moreau Et Fils,This is a description about Wine - Chablis J Moreau Et Fils,76,false
482,Cinnamon Buns Sticky,This is a description about Cinnamon Buns Sticky,34,false
483,Cheese - Taleggio D.o.p.,This is a description about Cheese - Taleggio D.o.p.,12,false
484,Onions Granulated,This is a description about Onions Granulated,87,false
485,Spring Roll Veg Mini,This is a description about Spring Roll Veg Mini,68,true
486,Wine - Carmenere Casillero Del,This is a description about Wine - Carmenere Casillero Del,17,true
487,Bagel - Whole White Sesame,This is a description about Bagel - Whole White Sesame,76,true
488,Beef - Tender Tips,This is a description about Beef - Tender Tips,31,false
489,Cabbage - Green,This is a description about Cabbage - Green,30,false
490,Wine - Casablanca Valley,This is a description about Wine - Casablanca Valley,86,true
491,Initation Crab Meat,This is a description about Initation Crab Meat,32,false
492,Bandage - Finger Cots,This is a description about Bandage - Finger Cots,34,false
493,Lettuce - Red Leaf,This is a description about Lettuce - Red Leaf,21,false
494,Beer - Creemore,This is a description about Beer - Creemore,35,false
495,"Lemonade - Island Tea, 591 Ml","This is a description about Lemonade - Island Tea, 591 Ml",85,false
496,Wine - Rhine Riesling Wolf Blass,This is a description about Wine - Rhine Riesling Wolf Blass,24,true
497,Oneshot Automatic Soap System,This is a description about Oneshot Automatic Soap System,21,false
498,Coffee Beans - Chocolate,This is a description about Coffee Beans - Chocolate,58,true
499,Beef Flat Iron Steak,This is a description about Beef Flat Iron Steak,85,true
500,Remy Red,This is a description about Remy Red,7,false
501,Beef - Tenderloin Tails,This is a description about Beef - Tenderloin Tails,34,true
502,Egg - Salad Premix,This is a description about Egg - Salad Premix,65,true
503,"Syrup - Monin, Amaretta","This is a description about Syrup - Monin, Amaretta",14,false
504,"Quail - Whole, Boneless","This is a description about Quail - Whole, Boneless",8,true
505,"Soup - Campbells, Lentil","This is a description about Soup - Campbells, Lentil",76,false
506,Sauce - Rosee,This is a description about Sauce - Rosee,48,true
507,Soup - Campbells Chili,This is a description about Soup - Campbells Chili,21,false
508,Pepperoni Slices,This is a description about Pepperoni Slices,29,true
509,Muffin Mix - Banana Nut,This is a description about Muffin Mix - Banana Nut,18,false
510,Tea - Green,This is a description about Tea - Green,50,true
511,Squid U5 - Thailand,This is a description about Squid U5 - Thailand,79,false
512,Crackers - Soda / Saltins,This is a description about Crackers - Soda / Saltins,29,true
513,"Pasta - Bauletti, Chicken White","This is a description about Pasta - Bauletti, Chicken White",64,true
514,Quail - Jumbo,This is a description about Quail - Jumbo,71,false
515,"Lid - High Heat, Super Clear","This is a description about Lid - High Heat, Super Clear",56,false
516,Blueberries,This is a description about Blueberries,12,true
517,Wild Boar - Tenderloin,This is a description about Wild Boar - Tenderloin,86,true
518,Cheese - Asiago,This is a description about Cheese - Asiago,69,true
519,"Gin - Gilbeys London, Dry","This is a description about Gin - Gilbeys London, Dry",80,true
520,Longos - Lasagna Veg,This is a description about Longos - Lasagna Veg,30,false
521,Aspic - Light,This is a description about Aspic - Light,15,false
522,Sugar - Brown,This is a description about Sugar - Brown,65,true
523,Beer - Upper Canada Light,This is a description about Beer - Upper Canada Light,88,true
524,Liqueur - Melon,This is a description about Liqueur - Melon,78,true
525,Extract Vanilla Pure,This is a description about Extract Vanilla Pure,26,true
526,Table Cloth 144x90 White,This is a description about Table Cloth 144x90 White,100,false
527,Vol Au Vents,This is a description about Vol Au Vents,37,false
528,"Pasta - Lasagne, Fresh","This is a description about Pasta - Lasagne, Fresh",41,true
529,Duck - Fat,This is a description about Duck - Fat,98,true
530,Absolut Citron,This is a description about Absolut Citron,52,true
531,Tuna - Sushi Grade,This is a description about Tuna - Sushi Grade,62,false
532,Salmon - Canned,This is a description about Salmon - Canned,11,true
533,Monkfish Fresh - Skin Off,This is a description about Monkfish Fresh - Skin Off,46,true
534,Beer - Pilsner Urquell,This is a description about Beer - Pilsner Urquell,68,false
535,"Pasta - Penne, Rigate, Dry","This is a description about Pasta - Penne, Rigate, Dry",89,false
536,Pepsi - 600ml,This is a description about Pepsi - 600ml,19,true
537,Scampi Tail,This is a description about Scampi Tail,32,true
538,Table Cloth 62x114 Colour,This is a description about Table Cloth 62x114 Colour,91,true
539,Kellogs Raisan Bran Bars,This is a description about Kellogs Raisan Bran Bars,49,false
540,Towels - Paper / Kraft,This is a description about Towels - Paper / Kraft,77,true
541,Yukon Jack,This is a description about Yukon Jack,25,true
542,Beef - Eye Of Round,This is a description about Beef - Eye Of Round,99,false
543,Chef Hat 20cm,This is a description about Chef Hat 20cm,25,false
544,"Wine - Saint - Bris 2002, Sauv","This is a description about Wine - Saint - Bris 2002, Sauv",61,false
545,Squid - Tubes / Tenticles 10/20,This is a description about Squid - Tubes / Tenticles 10/20,74,true
546,Lettuce - Red Leaf,This is a description about Lettuce - Red Leaf,86,true
547,Cod - Black Whole Fillet,This is a description about Cod - Black Whole Fillet,64,true
548,"Lid - High Heat, Super Clear","This is a description about Lid - High Heat, Super Clear",19,true
549,Trout - Smoked,This is a description about Trout - Smoked,26,true
550,Corn Kernels - Frozen,This is a description about Corn Kernels - Frozen,55,true
551,Oil - Olive Bertolli,This is a description about Oil - Olive Bertolli,51,false
552,Sausage - Andouille,This is a description about Sausage - Andouille,26,true
553,Lettuce - Red Leaf,This is a description about Lettuce - Red Leaf,41,true
554,Peach - Fresh,This is a description about Peach - Fresh,40,false
555,Cotton Wet Mop 16 Oz,This is a description about Cotton Wet Mop 16 Oz,48,false
556,Sage - Fresh,This is a description about Sage - Fresh,68,false
557,"Syrup - Golden, Lyles","This is a description about Syrup - Golden, Lyles",63,true
558,Broom Handle,This is a description about Broom Handle,8,false
559,Chickensplit Half,This is a description about Chickensplit Half,38,true
560,Wine - Bouchard La Vignee Pinot,This is a description about Wine - Bouchard La Vignee Pinot,42,true
561,"Wine - Red, Metus Rose","This is a description about Wine - Red, Metus Rose",64,true
562,Pepperoni Slices,This is a description about Pepperoni Slices,67,false
563,Peach - Halves,This is a description about Peach - Halves,81,true
564,Water - Green Tea Refresher,This is a description about Water - Green Tea Refresher,74,false
565,Sugar - Fine,This is a description about Sugar - Fine,26,false
566,Scrubbie - Scotchbrite Hand Pad,This is a description about Scrubbie - Scotchbrite Hand Pad,100,true
567,"Fish - Soup Base, Bouillon","This is a description about Fish - Soup Base, Bouillon",76,false
568,Potatoes - Yukon Gold 5 Oz,This is a description about Potatoes - Yukon Gold 5 Oz,89,true
569,Kellogs Cereal In A Cup,This is a description about Kellogs Cereal In A Cup,34,false
570,Steampan - Half Size Shallow,This is a description about Steampan - Half Size Shallow,11,true
571,Milk - Homo,This is a description about Milk - Homo,73,false
572,Pastry - Chocolate Marble Tea,This is a description about Pastry - Chocolate Marble Tea,90,true
573,"Nestea - Ice Tea, Diet","This is a description about Nestea - Ice Tea, Diet",13,false
574,Fond - Neutral,This is a description about Fond - Neutral,35,false
575,Appetizer - Mushroom Tart,This is a description about Appetizer - Mushroom Tart,90,true
576,Cheese - Goat,This is a description about Cheese - Goat,83,false
577,Steamers White,This is a description about Steamers White,33,true
578,"Juice - Apple, 500 Ml","This is a description about Juice - Apple, 500 Ml",67,false
579,Smirnoff Green Apple Twist,This is a description about Smirnoff Green Apple Twist,51,false
580,Sobe - Green Tea,This is a description about Sobe - Green Tea,95,false
581,Orange Roughy 4/6 Oz,This is a description about Orange Roughy 4/6 Oz,67,false
582,"Lamb - Whole, Frozen","This is a description about Lamb - Whole, Frozen",68,false
583,"Mushroom - Chanterelle, Dry","This is a description about Mushroom - Chanterelle, Dry",99,true
584,Wine - Bouchard La Vignee Pinot,This is a description about Wine - Bouchard La Vignee Pinot,7,false
585,Salt - Seasoned,This is a description about Salt - Seasoned,26,true
586,"Pasta - Fettuccine, Egg, Fresh","This is a description about Pasta - Fettuccine, Egg, Fresh",52,true
587,Wine - Baron De Rothschild,This is a description about Wine - Baron De Rothschild,7,false
588,Sausage - Chorizo,This is a description about Sausage - Chorizo,9,false
589,Chinese Foods - Chicken Wing,This is a description about Chinese Foods - Chicken Wing,21,false
590,Bread - Rye,This is a description about Bread - Rye,99,false
591,Evaporated Milk - Skim,This is a description about Evaporated Milk - Skim,31,true
592,Soup Campbells - Italian Wedding,This is a description about Soup Campbells - Italian Wedding,38,true
593,Ham - Proscuitto,This is a description about Ham - Proscuitto,94,true
594,Bacon Strip Precooked,This is a description about Bacon Strip Precooked,98,false
595,Shrimp - Black Tiger 26/30,This is a description about Shrimp - Black Tiger 26/30,11,true
596,"Pesto - Primerba, Paste","This is a description about Pesto - Primerba, Paste",83,true
597,"Turkey - Breast, Bone - In","This is a description about Turkey - Breast, Bone - In",96,true
598,Pork - Caul Fat,This is a description about Pork - Caul Fat,87,true
599,Pepperoni Slices,This is a description about Pepperoni Slices,45,false
600,"Tart Shells - Sweet, 3","This is a description about Tart Shells - Sweet, 3",64,false
601,Lamb Rack Frenched Australian,This is a description about Lamb Rack Frenched Australian,17,true
602,Bread Base - Goodhearth,This is a description about Bread Base - Goodhearth,64,true
603,Wine - Zonnebloem Pinotage,This is a description about Wine - Zonnebloem Pinotage,96,true
604,Cookie Trail Mix,This is a description about Cookie Trail Mix,61,false
605,Tea - Mint,This is a description about Tea - Mint,20,true
606,"Mushroom - Enoki, Fresh","This is a description about Mushroom - Enoki, Fresh",39,false
607,Urban Zen Drinks,This is a description about Urban Zen Drinks,14,true
608,Cream - 35%,This is a description about Cream - 35%,13,false
609,Dried Peach,This is a description about Dried Peach,52,true
610,Ham - Black Forest,This is a description about Ham - Black Forest,43,true
611,Ham - Cooked,This is a description about Ham - Cooked,21,false
612,Wine - Vineland Estate Semi - Dry,This is a description about Wine - Vineland Estate Semi - Dry,93,false
613,Carbonated Water - Orange,This is a description about Carbonated Water - Orange,73,false
614,Mahi Mahi,This is a description about Mahi Mahi,21,true
615,Beans - French,This is a description about Beans - French,94,false
616,"Sole - Dover, Whole, Fresh","This is a description about Sole - Dover, Whole, Fresh",65,true
617,Tea - Black Currant,This is a description about Tea - Black Currant,24,false
618,"Juice - Pineapple, 341 Ml","This is a description about Juice - Pineapple, 341 Ml",9,true
619,Aspic - Clear,This is a description about Aspic - Clear,42,false
620,Chocolate - Mi - Amere Semi,This is a description about Chocolate - Mi - Amere Semi,14,true
621,Salmon - Fillets,This is a description about Salmon - Fillets,59,true
622,Basil - Fresh,This is a description about Basil - Fresh,69,true
623,Cup - 4oz Translucent,This is a description about Cup - 4oz Translucent,90,false
624,Syrup - Monin - Blue Curacao,This is a description about Syrup - Monin - Blue Curacao,95,false
625,Apron,This is a description about Apron,28,true
626,Corn - On The Cob,This is a description about Corn - On The Cob,9,false
627,"Turkey - Whole, Fresh","This is a description about Turkey - Whole, Fresh",38,false
628,Beef - Salted,This is a description about Beef - Salted,61,true
629,Sobe - Berry Energy,This is a description about Sobe - Berry Energy,68,true
630,Soup - Campbells Beef Noodle,This is a description about Soup - Campbells Beef Noodle,12,true
631,Momiji Oroshi Chili Sauce,This is a description about Momiji Oroshi Chili Sauce,96,true
632,Cheese - Swiss,This is a description about Cheese - Swiss,98,false
633,"Juice - Pineapple, 341 Ml","This is a description about Juice - Pineapple, 341 Ml",79,false
634,Creme De Menthe Green,This is a description about Creme De Menthe Green,12,true
635,"Coke - Diet, 355 Ml","This is a description about Coke - Diet, 355 Ml",96,false
636,"Beans - Long, Chinese","This is a description about Beans - Long, Chinese",36,false
637,"Cheese - Mozzarella, Buffalo","This is a description about Cheese - Mozzarella, Buffalo",87,false
638,Cake - Box Window 10x10x2.5,This is a description about Cake - Box Window 10x10x2.5,96,false
639,Beef - Tender Tips,This is a description about Beef - Tender Tips,35,false
640,"Chilli Paste, Ginger Garlic","This is a description about Chilli Paste, Ginger Garlic",26,false
641,Onions - Cippolini,This is a description about Onions - Cippolini,38,true
642,"Wine - White, French Cross","This is a description about Wine - White, French Cross",76,false
643,Tea - Lemon Scented,This is a description about Tea - Lemon Scented,72,false
644,Tofu - Firm,This is a description about Tofu - Firm,71,false
645,Wooden Mop Handle,This is a description about Wooden Mop Handle,49,false
646,Soup - Campbellschix Stew,This is a description about Soup - Campbellschix Stew,15,false
647,Lamb Rack - Ontario,This is a description about Lamb Rack - Ontario,34,false
648,Icecream - Dibs,This is a description about Icecream - Dibs,35,false
649,"Beans - Kidney, Red Dry","This is a description about Beans - Kidney, Red Dry",78,false
650,"Chilli Paste, Ginger Garlic","This is a description about Chilli Paste, Ginger Garlic",99,false
651,Scallops 60/80 Iqf,This is a description about Scallops 60/80 Iqf,99,false
652,"Thyme - Lemon, Fresh","This is a description about Thyme - Lemon, Fresh",70,true
653,Bread - French Baquette,This is a description about Bread - French Baquette,84,false
654,Beer - Pilsner Urquell,This is a description about Beer - Pilsner Urquell,63,false
655,Pectin,This is a description about Pectin,68,true
656,Wine - Cousino Macul Antiguas,This is a description about Wine - Cousino Macul Antiguas,66,false
657,"Turkey - Breast, Boneless Sk On","This is a description about Turkey - Breast, Boneless Sk On",90,false
658,Energy Drink - Redbull 355ml,This is a description about Energy Drink - Redbull 355ml,34,false
659,Gelatine Leaves - Bulk,This is a description about Gelatine Leaves - Bulk,87,false
660,Bread - Raisin Walnut Pull,This is a description about Bread - Raisin Walnut Pull,9,false
661,Wine - Ice Wine,This is a description about Wine - Ice Wine,97,true
662,Cheese - St. Andre,This is a description about Cheese - St. Andre,8,true
663,Beer - Upper Canada Light,This is a description about Beer - Upper Canada Light,5,false
664,Tea - Jasmin Green,This is a description about Tea - Jasmin Green,45,false
665,Duck - Breast,This is a description about Duck - Breast,61,false
666,Artichoke - Fresh,This is a description about Artichoke - Fresh,26,true
667,Pork Loin Cutlets,This is a description about Pork Loin Cutlets,81,false
668,Wine - Beringer Founders Estate,This is a description about Wine - Beringer Founders Estate,34,true
669,"Jam - Raspberry,jar","This is a description about Jam - Raspberry,jar",37,true
670,"Pasta - Lasagna, Dry","This is a description about Pasta - Lasagna, Dry",81,true
671,Bread Sour Rolls,This is a description about Bread Sour Rolls,78,false
672,"Wine - Red, Mosaic Zweigelt","This is a description about Wine - Red, Mosaic Zweigelt",66,true
673,Bacardi Raspberry,This is a description about Bacardi Raspberry,88,true
674,"Beef - Rib Roast, Cap On","This is a description about Beef - Rib Roast, Cap On",5,false
675,Muffin Mix - Banana Nut,This is a description about Muffin Mix - Banana Nut,88,true
676,Bread Base - Goodhearth,This is a description about Bread Base - Goodhearth,64,false
677,"Cheese - Brie, Cups 125g","This is a description about Cheese - Brie, Cups 125g",67,false
678,"Lamb - Pieces, Diced","This is a description about Lamb - Pieces, Diced",65,true
679,Wine - Jaboulet Cotes Du Rhone,This is a description about Wine - Jaboulet Cotes Du Rhone,46,true
680,"Wine - White, Schroder And Schyl","This is a description about Wine - White, Schroder And Schyl",23,true
681,Truffle Cups - Red,This is a description about Truffle Cups - Red,44,false
682,Beer - Steamwhistle,This is a description about Beer - Steamwhistle,23,false
683,Tuna - Sushi Grade,This is a description about Tuna - Sushi Grade,78,true
684,Wine - Ice Wine,This is a description about Wine - Ice Wine,88,true
685,Sauce - Soy Low Sodium - 3.87l,This is a description about Sauce - Soy Low Sodium - 3.87l,93,false
686,Soup - Verve - Chipotle Chicken,This is a description about Soup - Verve - Chipotle Chicken,23,false
687,Wine - Tio Pepe Sherry Fino,This is a description about Wine - Tio Pepe Sherry Fino,85,false
688,Dome Lid Clear P92008h,This is a description about Dome Lid Clear P92008h,62,true
689,Pie Filling - Cherry,This is a description about Pie Filling - Cherry,98,false
690,Vaccum Bag 10x13,This is a description about Vaccum Bag 10x13,11,true
691,Mince Meat - Filling,This is a description about Mince Meat - Filling,96,false
692,"Pail - 4l White, With Handle","This is a description about Pail - 4l White, With Handle",8,false
693,Galliano,This is a description about Galliano,20,false
694,"Pasta - Penne, Lisce, Dry","This is a description about Pasta - Penne, Lisce, Dry",24,false
695,Pepper Squash,This is a description about Pepper Squash,37,true
696,Oven Mitt - 13 Inch,This is a description about Oven Mitt - 13 Inch,99,true
697,Compound - Rum,This is a description about Compound - Rum,38,true
698,Trueblue - Blueberry 12x473ml,This is a description about Trueblue - Blueberry 12x473ml,39,false
699,Chips - Miss Vickies,This is a description about Chips - Miss Vickies,8,true
700,"Oil - Shortening,liqud, Fry","This is a description about Oil - Shortening,liqud, Fry",49,false
701,Appetizer - Mango Chevre,This is a description about Appetizer - Mango Chevre,77,false
702,Shichimi Togarashi Peppeers,This is a description about Shichimi Togarashi Peppeers,36,true
703,Beef Cheek Fresh,This is a description about Beef Cheek Fresh,76,true
704,Bread - English Muffin,This is a description about Bread - English Muffin,89,true
705,Prunes - Pitted,This is a description about Prunes - Pitted,40,false
706,Blackberries,This is a description about Blackberries,78,true
707,Filter - Coffee,This is a description about Filter - Coffee,90,true
708,Soup V8 Roasted Red Pepper,This is a description about Soup V8 Roasted Red Pepper,51,true
709,Tea - Decaf 1 Cup,This is a description about Tea - Decaf 1 Cup,6,false
710,Tamarind Paste,This is a description about Tamarind Paste,57,true
711,Chocolate - Unsweetened,This is a description about Chocolate - Unsweetened,17,false
712,Skirt - 24 Foot,This is a description about Skirt - 24 Foot,13,false
713,Grapes - Red,This is a description about Grapes - Red,89,false
714,Flower - Daisies,This is a description about Flower - Daisies,98,false
715,Cactus Pads,This is a description about Cactus Pads,31,true
716,Everfresh Products,This is a description about Everfresh Products,55,true
717,Bread - Crusty Italian Poly,This is a description about Bread - Crusty Italian Poly,69,false
718,Cookies Oatmeal Raisin,This is a description about Cookies Oatmeal Raisin,62,true
719,Beef - Kobe Striploin,This is a description about Beef - Kobe Striploin,84,false
720,Puree - Kiwi,This is a description about Puree - Kiwi,56,false
721,"Flour - Corn, Fine","This is a description about Flour - Corn, Fine",15,false
722,Lemon Tarts,This is a description about Lemon Tarts,30,true
723,Versatainer Nc - 888,This is a description about Versatainer Nc - 888,21,false
724,Juice - Lagoon Mango,This is a description about Juice - Lagoon Mango,58,true
725,Oranges,This is a description about Oranges,89,true
726,Garam Marsala,This is a description about Garam Marsala,17,true
727,Bread - Rye,This is a description about Bread - Rye,80,true
728,Snapple Raspberry Tea,This is a description about Snapple Raspberry Tea,92,false
729,Sauce - Hoisin,This is a description about Sauce - Hoisin,9,true
730,Syrup - Pancake,This is a description about Syrup - Pancake,96,false
731,Relish,This is a description about Relish,29,true
732,Slt - Individual Portions,This is a description about Slt - Individual Portions,36,false
733,Nectarines,This is a description about Nectarines,51,true
734,"Trout - Rainbow, Frozen","This is a description about Trout - Rainbow, Frozen",98,true
735,Food Colouring - Pink,This is a description about Food Colouring - Pink,43,true
736,"Cherries - Bing, Canned","This is a description about Cherries - Bing, Canned",60,true
737,Beer - Mill St Organic,This is a description about Beer - Mill St Organic,34,true
738,Bread - Sour Sticks With Onion,This is a description about Bread - Sour Sticks With Onion,29,true
739,Bagel - Everything,This is a description about Bagel - Everything,8,false
740,Fondant - Icing,This is a description about Fondant - Icing,58,true
741,"Wine - Mas Chicet Rose, Vintage","This is a description about Wine - Mas Chicet Rose, Vintage",90,true
742,Jam - Apricot,This is a description about Jam - Apricot,78,false
743,Appetizer - Escargot Puff,This is a description about Appetizer - Escargot Puff,34,true
744,Salt And Pepper Mix - Black,This is a description about Salt And Pepper Mix - Black,42,false
745,Cream - 10%,This is a description about Cream - 10%,53,true
746,Paper Cocktail Umberlla 80 - 180,This is a description about Paper Cocktail Umberlla 80 - 180,64,false
747,Cheese - Grana Padano,This is a description about Cheese - Grana Padano,53,false
748,Beef - Tender Tips,This is a description about Beef - Tender Tips,59,false
749,"Beef - Ground, Extra Lean, Fresh","This is a description about Beef - Ground, Extra Lean, Fresh",12,true
750,"C - Plus, Orange","This is a description about C - Plus, Orange",51,false
751,"Cheese - Cheddar, Medium","This is a description about Cheese - Cheddar, Medium",64,false
752,"Soup - Campbells, Creamy","This is a description about Soup - Campbells, Creamy",23,false
753,Compound - Strawberry,This is a description about Compound - Strawberry,85,false
754,Jello - Assorted,This is a description about Jello - Assorted,58,false
755,Steam Pan - Half Size Deep,This is a description about Steam Pan - Half Size Deep,10,false
756,"Club Soda - Schweppes, 355 Ml","This is a description about Club Soda - Schweppes, 355 Ml",49,false
757,Tamarind Paste,This is a description about Tamarind Paste,85,true
758,Kiwano,This is a description about Kiwano,34,true
759,Cheese - Mozzarella,This is a description about Cheese - Mozzarella,59,false
760,Vinegar - Tarragon,This is a description about Vinegar - Tarragon,87,false
761,Tomatoes Tear Drop Yellow,This is a description about Tomatoes Tear Drop Yellow,75,true
762,Milk - Homo,This is a description about Milk - Homo,73,false
763,Mustard Prepared,This is a description about Mustard Prepared,95,false
764,Sausage - Liver,This is a description about Sausage - Liver,66,true
765,"Vermouth - Sweet, Cinzano","This is a description about Vermouth - Sweet, Cinzano",53,true
766,"Beans - Black Bean, Canned","This is a description about Beans - Black Bean, Canned",90,true
767,Sauce - Hp,This is a description about Sauce - Hp,28,false
768,Cheese - Gouda,This is a description about Cheese - Gouda,76,true
769,French Kiss Vanilla,This is a description about French Kiss Vanilla,43,false
770,Pepper - Chilli Seeds Mild,This is a description about Pepper - Chilli Seeds Mild,49,false
771,Silicone Parch. 16.3x24.3,This is a description about Silicone Parch. 16.3x24.3,79,false
772,Bread - Crusty Italian Poly,This is a description about Bread - Crusty Italian Poly,15,true
773,"Lid - Translucent, 3.5 And 6 Oz","This is a description about Lid - Translucent, 3.5 And 6 Oz",7,true
774,Amaretto,This is a description about Amaretto,84,false
775,"Beans - Black Bean, Preserved","This is a description about Beans - Black Bean, Preserved",10,true
776,Isomalt,This is a description about Isomalt,43,true
777,Wine - Conde De Valdemar,This is a description about Wine - Conde De Valdemar,52,false
778,Carbonated Water - Orange,This is a description about Carbonated Water - Orange,93,false
779,Amaretto,This is a description about Amaretto,68,false
780,Oil - Canola,This is a description about Oil - Canola,10,false
781,Ice Cream Bar - Hagen Daz,This is a description about Ice Cream Bar - Hagen Daz,94,true
782,"Cup - 3.5oz, Foam","This is a description about Cup - 3.5oz, Foam",29,true
783,"Juice - Orange, Concentrate","This is a description about Juice - Orange, Concentrate",53,true
784,Beer - Blue,This is a description about Beer - Blue,7,true
785,Wine - Segura Viudas Aria Brut,This is a description about Wine - Segura Viudas Aria Brut,16,true
786,Tea Peppermint,This is a description about Tea Peppermint,27,false
787,Muffin Mix - Banana Nut,This is a description about Muffin Mix - Banana Nut,88,false
788,"Chicken - Leg, Fresh","This is a description about Chicken - Leg, Fresh",47,false
789,Butter - Pod,This is a description about Butter - Pod,44,true
790,"Fish - Scallops, Cold Smoked","This is a description about Fish - Scallops, Cold Smoked",56,true
791,Longos - Burritos,This is a description about Longos - Burritos,89,true
792,"Wine - Red, Antinori Santa","This is a description about Wine - Red, Antinori Santa",78,true
793,Pork - Kidney,This is a description about Pork - Kidney,12,false
794,Cleaner - Bleach,This is a description about Cleaner - Bleach,11,false
795,Chick Peas - Dried,This is a description about Chick Peas - Dried,39,false
796,Syrup - Chocolate,This is a description about Syrup - Chocolate,62,true
797,Wine - Ice Wine,This is a description about Wine - Ice Wine,92,false
798,Wine - Ruffino Chianti,This is a description about Wine - Ruffino Chianti,58,false
799,Coffee - Almond Amaretto,This is a description about Coffee - Almond Amaretto,95,false
800,Bread - White Epi Baguette,This is a description about Bread - White Epi Baguette,72,false
801,"Soup - Campbells, Minestrone","This is a description about Soup - Campbells, Minestrone",84,true
802,Spring Roll Wrappers,This is a description about Spring Roll Wrappers,77,false
803,Bread - Rye,This is a description about Bread - Rye,78,false
804,Wine - Fat Bastard Merlot,This is a description about Wine - Fat Bastard Merlot,24,true
805,Pear - Asian,This is a description about Pear - Asian,7,true
806,Cheese - Wine,This is a description about Cheese - Wine,34,true
807,Pastry - Baked Cinnamon Stick,This is a description about Pastry - Baked Cinnamon Stick,62,false
808,Wine - Vineland Estate Semi - Dry,This is a description about Wine - Vineland Estate Semi - Dry,64,false
809,Broom And Broom Rack White,This is a description about Broom And Broom Rack White,17,false
810,Beer - Heinekin,This is a description about Beer - Heinekin,78,true
811,Chocolate - Unsweetened,This is a description about Chocolate - Unsweetened,97,true
812,Wine - Barolo Fontanafredda,This is a description about Wine - Barolo Fontanafredda,45,false
813,Pork - Backfat,This is a description about Pork - Backfat,8,false
814,Sage - Rubbed,This is a description about Sage - Rubbed,94,true
815,Mushroom - King Eryingii,This is a description about Mushroom - King Eryingii,89,true
816,Compound - Pear,This is a description about Compound - Pear,21,true
817,Wine - Casillero Deldiablo,This is a description about Wine - Casillero Deldiablo,10,false
818,"Oil - Truffle, Black","This is a description about Oil - Truffle, Black",36,false
819,Ocean Spray - Kiwi Strawberry,This is a description about Ocean Spray - Kiwi Strawberry,12,false
820,Mcguinness - Blue Curacao,This is a description about Mcguinness - Blue Curacao,18,false
821,Gelatine Leaves - Envelopes,This is a description about Gelatine Leaves - Envelopes,8,true
822,Wine - Jackson Triggs Okonagan,This is a description about Wine - Jackson Triggs Okonagan,69,false
823,"Tart Shells - Sweet, 3","This is a description about Tart Shells - Sweet, 3",13,false
824,Devonshire Cream,This is a description about Devonshire Cream,21,true
825,"Chicken - Diced, Cooked","This is a description about Chicken - Diced, Cooked",18,true
826,"Bread - Rolls, Rye","This is a description about Bread - Rolls, Rye",16,false
827,Evaporated Milk - Skim,This is a description about Evaporated Milk - Skim,73,false
828,Extract Vanilla Pure,This is a description about Extract Vanilla Pure,30,true
829,"Pepper - Black, Whole","This is a description about Pepper - Black, Whole",93,true
830,"Napkin - Dinner, White","This is a description about Napkin - Dinner, White",28,false
831,Swiss Chard,This is a description about Swiss Chard,37,false
832,Oil - Avocado,This is a description about Oil - Avocado,57,false
833,"Ham - Smoked, Bone - In","This is a description about Ham - Smoked, Bone - In",17,true
834,Carbonated Water - Raspberry,This is a description about Carbonated Water - Raspberry,17,false
835,Sugar - Individual Portions,This is a description about Sugar - Individual Portions,80,false
836,Bread - Olive Dinner Roll,This is a description about Bread - Olive Dinner Roll,62,true
837,"Lamb - Leg, Bone In","This is a description about Lamb - Leg, Bone In",68,true
838,Cookie Dough - Double,This is a description about Cookie Dough - Double,61,false
839,Lobster - Cooked,This is a description about Lobster - Cooked,41,false
840,Skirt - 24 Foot,This is a description about Skirt - 24 Foot,7,true
841,Beer - Maudite,This is a description about Beer - Maudite,6,true
842,Steampan - Half Size Shallow,This is a description about Steampan - Half Size Shallow,92,true
843,Potatoes - Peeled,This is a description about Potatoes - Peeled,10,false
844,"Tart Shells - Barquettes, Savory","This is a description about Tart Shells - Barquettes, Savory",72,true
845,Cinnamon Buns Sticky,This is a description about Cinnamon Buns Sticky,75,false
846,Bread - Multigrain,This is a description about Bread - Multigrain,15,false
847,Onion Powder,This is a description about Onion Powder,15,false
848,Onions - Cippolini,This is a description about Onions - Cippolini,28,false
849,"Tomatoes - Plum, Canned","This is a description about Tomatoes - Plum, Canned",38,true
850,Spice - Montreal Steak Spice,This is a description about Spice - Montreal Steak Spice,87,false
851,Coffee Cup 16oz Foam,This is a description about Coffee Cup 16oz Foam,90,true
852,Parasol Pick Stir Stick,This is a description about Parasol Pick Stir Stick,25,true
853,Wanton Wrap,This is a description about Wanton Wrap,43,true
854,Pate - Cognac,This is a description about Pate - Cognac,99,false
855,Coriander - Ground,This is a description about Coriander - Ground,44,false
856,"Sauce - Bernaise, Mix","This is a description about Sauce - Bernaise, Mix",55,false
857,Sugar - White Packet,This is a description about Sugar - White Packet,80,true
858,Cheese - Camembert,This is a description about Cheese - Camembert,98,false
859,Bread - Wheat Baguette,This is a description about Bread - Wheat Baguette,39,true
860,"Garlic - Primerba, Paste","This is a description about Garlic - Primerba, Paste",40,true
861,Energy Drink - Franks Original,This is a description about Energy Drink - Franks Original,29,false
862,"Shrimp - Baby, Cold Water","This is a description about Shrimp - Baby, Cold Water",52,true
863,"Lemonade - Strawberry, 591 Ml","This is a description about Lemonade - Strawberry, 591 Ml",26,false
864,Sage - Rubbed,This is a description about Sage - Rubbed,26,true
865,Dried Figs,This is a description about Dried Figs,47,true
866,"Quail - Whole, Bone - In","This is a description about Quail - Whole, Bone - In",80,false
867,Toothpick Frilled,This is a description about Toothpick Frilled,23,false
868,Sauce - Plum,This is a description about Sauce - Plum,50,true
869,Pepper - Scotch Bonnet,This is a description about Pepper - Scotch Bonnet,95,false
870,Tuna - Sushi Grade,This is a description about Tuna - Sushi Grade,59,false
871,"Garlic - Primerba, Paste","This is a description about Garlic - Primerba, Paste",74,true
872,"Lentils - Red, Dry","This is a description about Lentils - Red, Dry",10,false
873,Wine - Carmenere Casillero Del,This is a description about Wine - Carmenere Casillero Del,100,true
874,Chocolate - Semi Sweet,This is a description about Chocolate - Semi Sweet,70,false
875,"Flour - Corn, Fine","This is a description about Flour - Corn, Fine",9,false
876,Pear - Prickly,This is a description about Pear - Prickly,79,true
877,Beef - Tender Tips,This is a description about Beef - Tender Tips,95,true
878,Longos - Grilled Chicken With,This is a description about Longos - Grilled Chicken With,75,true
879,Wine - Crozes Hermitage E.,This is a description about Wine - Crozes Hermitage E.,56,true
880,Pear - Halves,This is a description about Pear - Halves,90,false
881,Propel Sport Drink,This is a description about Propel Sport Drink,89,true
882,"Lid - 10,12,16 Oz","This is a description about Lid - 10,12,16 Oz",16,true
883,Pepper - Red Thai,This is a description about Pepper - Red Thai,8,true
884,Beef Dry Aged Tenderloin Aaa,This is a description about Beef Dry Aged Tenderloin Aaa,91,true
885,Eggplant Italian,This is a description about Eggplant Italian,27,true
886,Turnip - Mini,This is a description about Turnip - Mini,76,false
887,Wine - Jaboulet Cotes Du Rhone,This is a description about Wine - Jaboulet Cotes Du Rhone,9,false
888,Figs,This is a description about Figs,71,true
889,"Chicken - White Meat, No Tender","This is a description about Chicken - White Meat, No Tender",34,false
890,Garlic,This is a description about Garlic,90,false
891,Bread - Hot Dog Buns,This is a description about Bread - Hot Dog Buns,33,false
892,"C - Plus, Orange","This is a description about C - Plus, Orange",46,true
893,Garbage Bag - Clear,This is a description about Garbage Bag - Clear,77,true
894,Vinegar - Red Wine,This is a description about Vinegar - Red Wine,62,true
895,Beer - Mcauslan Apricot,This is a description about Beer - Mcauslan Apricot,50,true
896,Flour - Cake,This is a description about Flour - Cake,99,true
897,"Spoon - Soup, Plastic","This is a description about Spoon - Soup, Plastic",66,false
898,Syrup - Chocolate,This is a description about Syrup - Chocolate,13,false
899,Pimento - Canned,This is a description about Pimento - Canned,86,true
900,Macaroons - Two Bite Choc,This is a description about Macaroons - Two Bite Choc,12,false
901,Gelatine Leaves - Bulk,This is a description about Gelatine Leaves - Bulk,50,true
902,Cheese - Cottage Cheese,This is a description about Cheese - Cottage Cheese,24,true
903,Jack Daniels,This is a description about Jack Daniels,29,true
904,Bread Country Roll,This is a description about Bread Country Roll,61,false
905,Cheese - Oka,This is a description about Cheese - Oka,70,false
906,Creme De Banane - Marie,This is a description about Creme De Banane - Marie,47,false
907,Beef - Tenderloin - Aa,This is a description about Beef - Tenderloin - Aa,32,false
908,Bagelers,This is a description about Bagelers,26,true
909,Pastry - Key Limepoppy Seed Tea,This is a description about Pastry - Key Limepoppy Seed Tea,35,true
910,Chips Potato Swt Chilli Sour,This is a description about Chips Potato Swt Chilli Sour,48,true
911,"Soup - Campbells, Cream Of","This is a description about Soup - Campbells, Cream Of",29,true
912,Canada Dry,This is a description about Canada Dry,6,true
913,Chicken - Ground,This is a description about Chicken - Ground,61,true
914,Broom And Brush Rack Black,This is a description about Broom And Brush Rack Black,71,true
915,"Yogurt - Strawberry, 175 Gr","This is a description about Yogurt - Strawberry, 175 Gr",5,true
916,"Gingerale - Schweppes, 355 Ml","This is a description about Gingerale - Schweppes, 355 Ml",74,true
917,Mushroom Morel Fresh,This is a description about Mushroom Morel Fresh,57,false
918,Wine - Sake,This is a description about Wine - Sake,47,false
919,Cheese - Feta,This is a description about Cheese - Feta,38,false
920,Pomello,This is a description about Pomello,27,false
921,Bagelers - Cinn / Brown,This is a description about Bagelers - Cinn / Brown,78,false
922,Swordfish Loin Portions,This is a description about Swordfish Loin Portions,27,true
923,Plate Pie Foil,This is a description about Plate Pie Foil,14,false
924,Piping Jelly - All Colours,This is a description about Piping Jelly - All Colours,7,false
925,"Flour - Buckwheat, Dark","This is a description about Flour - Buckwheat, Dark",53,true
926,Appetizer - Southwestern,This is a description about Appetizer - Southwestern,86,false
927,Muffin - Banana Nut Individual,This is a description about Muffin - Banana Nut Individual,12,true
928,Pan Grease,This is a description about Pan Grease,57,true
929,Coffee Cup 8oz 5338cd,This is a description about Coffee Cup 8oz 5338cd,85,false
930,"Corn - Cream, Canned","This is a description about Corn - Cream, Canned",69,false
931,Dehydrated Kelp Kombo,This is a description about Dehydrated Kelp Kombo,91,true
932,Sugar Thermometer,This is a description about Sugar Thermometer,11,false
933,Pate - Cognac,This is a description about Pate - Cognac,99,false
934,Wine - Niagara Peninsula Vqa,This is a description about Wine - Niagara Peninsula Vqa,16,true
935,Cheese - Cheddarsliced,This is a description about Cheese - Cheddarsliced,45,false
936,Wine - Wyndham Estate Bin 777,This is a description about Wine - Wyndham Estate Bin 777,71,false
937,Mint - Fresh,This is a description about Mint - Fresh,34,false
938,Veal - Knuckle,This is a description about Veal - Knuckle,19,false
939,Veal - Provimi Inside,This is a description about Veal - Provimi Inside,28,true
940,Chickensplit Half,This is a description about Chickensplit Half,33,true
941,Cookies Oatmeal Raisin,This is a description about Cookies Oatmeal Raisin,39,true
942,Bread - 10 Grain Parisian,This is a description about Bread - 10 Grain Parisian,89,true
943,Mix Pina Colada,This is a description about Mix Pina Colada,10,true
944,Basil - Pesto Sauce,This is a description about Basil - Pesto Sauce,47,false
945,Clams - Canned,This is a description about Clams - Canned,59,true
946,Cheese - Goat With Herbs,This is a description about Cheese - Goat With Herbs,39,false
947,Tuna - Yellowfin,This is a description about Tuna - Yellowfin,24,false
948,Pastry - Chocolate Chip Muffin,This is a description about Pastry - Chocolate Chip Muffin,70,true
949,Icecream - Dibs,This is a description about Icecream - Dibs,23,false
950,Cocoa Powder - Dutched,This is a description about Cocoa Powder - Dutched,75,false
951,Crab Meat Claw Pasteurise,This is a description about Crab Meat Claw Pasteurise,80,false
952,Vegetable - Base,This is a description about Vegetable - Base,6,true
953,Soup - Campbells Beef Strogonoff,This is a description about Soup - Campbells Beef Strogonoff,81,false
954,Bread - Pain Au Liat X12,This is a description about Bread - Pain Au Liat X12,45,true
955,Schnappes Peppermint - Walker,This is a description about Schnappes Peppermint - Walker,99,true
956,Muffin Hinge 117n,This is a description about Muffin Hinge 117n,14,false
957,Cheese Cloth No 60,This is a description about Cheese Cloth No 60,66,false
958,Wanton Wrap,This is a description about Wanton Wrap,62,true
959,Wine - Rioja Campo Viejo,This is a description about Wine - Rioja Campo Viejo,50,true
960,Sea Bass - Fillets,This is a description about Sea Bass - Fillets,55,false
961,"Cherries - Bing, Canned","This is a description about Cherries - Bing, Canned",47,false
962,Sausage - Breakfast,This is a description about Sausage - Breakfast,79,true
963,Table Cloth 54x72 Colour,This is a description about Table Cloth 54x72 Colour,15,true
964,Vanilla Beans,This is a description about Vanilla Beans,28,true
965,Soup Campbells Split Pea And Ham,This is a description about Soup Campbells Split Pea And Ham,99,true
966,Ecolab Digiclean Mild Fm,This is a description about Ecolab Digiclean Mild Fm,6,false
967,Bread - Multigrain Oval,This is a description about Bread - Multigrain Oval,98,false
968,"Chicken - Breast, 5 - 7 Oz","This is a description about Chicken - Breast, 5 - 7 Oz",44,true
969,Oregano - Fresh,This is a description about Oregano - Fresh,39,true
970,Wine - Pinot Noir Latour,This is a description about Wine - Pinot Noir Latour,90,true
971,Horseradish Root,This is a description about Horseradish Root,64,false
972,Mahi Mahi,This is a description about Mahi Mahi,53,false
973,Sesame Seed,This is a description about Sesame Seed,38,true
974,"Chilli Paste, Sambal Oelek","This is a description about Chilli Paste, Sambal Oelek",71,false
975,Neckerchief Blck,This is a description about Neckerchief Blck,13,true
976,Wine - Kwv Chenin Blanc South,This is a description about Wine - Kwv Chenin Blanc South,38,true
977,Swiss Chard,This is a description about Swiss Chard,64,false
978,Wine - Acient Coast Caberne,This is a description about Wine - Acient Coast Caberne,92,true
979,Breakfast Quesadillas,This is a description about Breakfast Quesadillas,68,false
980,Nantucket Cranberry Juice,This is a description about Nantucket Cranberry Juice,48,false
981,Slt - Individual Portions,This is a description about Slt - Individual Portions,80,true
982,Trout Rainbow Whole,This is a description about Trout Rainbow Whole,15,true
983,Sauce - Hp,This is a description about Sauce - Hp,12,false
984,Wine - Magnotta - Bel Paese White,This is a description about Wine - Magnotta - Bel Paese White,69,true
985,"Oil - Truffle, White","This is a description about Oil - Truffle, White",69,true
986,Cassis,This is a description about Cassis,91,true
987,Bagel - 12 Grain Preslice,This is a description about Bagel - 12 Grain Preslice,94,true
988,Wine - Carmenere Casillero Del,This is a description about Wine - Carmenere Casillero Del,39,false
989,"Bread - Rolls, Corn","This is a description about Bread - Rolls, Corn",92,false
990,Apron,This is a description about Apron,16,true
991,Hog / Sausage Casing - Pork,This is a description about Hog / Sausage Casing - Pork,98,false
992,Squash - Butternut,This is a description about Squash - Butternut,49,false
993,Pasta - Angel Hair,This is a description about Pasta - Angel Hair,50,false
994,Chocolate Bar - Coffee Crisp,This is a description about Chocolate Bar - Coffee Crisp,53,true
995,Oil - Sesame,This is a description about Oil - Sesame,48,true
996,"Nut - Almond, Blanched, Sliced","This is a description about Nut - Almond, Blanched, Sliced",48,true
997,Marzipan 50/50,This is a description about Marzipan 50/50,94,false
998,Wine - Cabernet Sauvignon,This is a description about Wine - Cabernet Sauvignon,87,true
999,Poppy Seed,This is a description about Poppy Seed,61,true
1000,"Mushroom - Chantrelle, Fresh","This is a description about Mushroom - Chantrelle, Fresh",18,true
